league,match_date,round_number,home_team,away_team,home_score,away_score,team,venue,ball_possession,total_shots,shots_on_target,shots_off_target,shots_inside_box,shots_outside_box,blocked_shots,expected_goals,big_chances,big_chances_scored,big_chances_missed,passes,accurate_passes,pass_accuracy_pct,long_balls_total,long_balls_value,long_balls_pct,crosses_total,crosses_value,crosses_pct,dribbles_total,dribbles_value,dribbles_pct,duels,ground_duels_total,ground_duels_value,ground_duels_pct,aerial_duels_total,aerial_duels_value,aerial_duels_pct,total_tackles,tackles,tackles_won,fouls,yellow_cards,offsides,corner_kicks,throw_ins,goal_kicks,free_kicks,clearances,interceptions,recoveries,dispossessed,hit_woodwork,through_balls,total_saves,goalkeeper_saves,big_saves,high_claims,goals_prevented,errors_lead_to_a_goal,errors_lead_to_a_shot,final_third_phase_total,final_third_phase_value,final_third_phase_pct,final_third_entries,touches_in_penalty_area,fouled_in_final_third,attack,attack_pct,ball_safe,ball_safe_pct,dangerous_attack,dangerous_attack_pct,xg_actual
k_league_1_2026,2026-08-16,23,Ulsan HD,Gangwon FC,2,3,Ulsan HD,home,51,12,6,5,8,4,1,0.0,3,2,1,448,351,78.3,59,20,34,20,6,30,11,9,82,53,54,31,57,34,16,47,11,11,64,6,2,2,3,21,4,11,27,7,49,9,0,0,3,3,,,,0,,134,89,66,69,13,2,74,34,61,41,38,25,2.24
k_league_1_2026,2026-08-16,23,Ulsan HD,Gangwon FC,2,3,Gangwon FC,away,49,12,5,5,9,3,2,0.0,3,1,2,428,336,78.5,60,16,27,18,3,17,14,6,43,47,54,23,43,34,18,53,11,11,91,11,1,4,7,19,9,6,22,9,50,3,0,2,4,4,,,,1,,111,63,57,75,20,1,68,31,65,44,26,25,1.82
k_league_1_2026,2026-08-16,23,Incheon United,Gimcheon Sangmu FC,1,1,Incheon United,home,47,10,2,5,7,3,3,0.0,0,,0,424,343,80.9,51,29,57,7,3,43,18,8,44,49,60,28,47,23,13,57,9,9,44,11,2,1,1,20,3,13,14,10,49,9,0,,4,4,,,,,,101,56,55,49,24,2,93,31,87,44,40,25,1.0
k_league_1_2026,2026-08-16,23,Incheon United,Gimcheon Sangmu FC,1,1,Gimcheon Sangmu FC,away,53,12,5,3,10,2,4,0.0,1,,1,470,390,83.0,42,17,40,10,6,60,11,4,36,51,60,32,53,23,10,43,19,19,74,13,3,3,2,12,8,11,15,11,39,2,0,,1,1,,,,,,82,51,62,44,21,0,88,25,81,61,32,14,1.44
k_league_1_2026,2026-08-16,23,Bucheon FC 1995,Jeonbuk Hyundai Motors,3,2,Bucheon FC 1995,home,29,15,6,5,6,9,4,0.0,1,1,,238,165,69.3,62,20,32,9,2,22,7,3,43,46,45,26,58,44,15,34,9,9,67,9,4,0,5,10,11,14,44,5,30,3,0,,2,2,,1,,0,,94,65,69,46,19,3,40,18,60,41,29,41,1.55
k_league_1_2026,2026-08-16,23,Bucheon FC 1995,Jeonbuk Hyundai Motors,3,2,Jeonbuk Hyundai Motors,away,71,26,4,14,17,9,8,0.0,1,1,,580,511,88.1,48,28,58,37,14,38,8,5,63,54,45,19,42,44,29,66,7,7,57,0,2,1,10,16,6,9,15,7,37,6,1,,3,3,,0,,1,,189,145,77,93,50,4,89,27,66,20,75,53,2.25
k_league_1_2026,2026-08-15,23,Jeju SK,FC Anyang,2,0,Jeju SK,home,43,15,4,8,13,2,3,0.0,3,2,1,331,260,78.5,60,25,42,16,3,19,13,4,31,52,65,32,49,44,25,57,12,12,33,11,4,3,1,20,6,17,42,8,48,9,0,1,3,3,,1,,,,102,62,61,63,32,3,57,36,47,44,37,20,1.27
k_league_1_2026,2026-08-15,23,Jeju SK,FC Anyang,2,0,FC Anyang,away,57,10,3,5,6,4,2,0.0,0,0,0,443,359,81.0,49,19,39,23,5,22,13,5,38,48,65,33,51,44,19,43,18,18,83,17,1,1,4,22,14,11,21,5,37,4,1,0,2,2,,0,,,,120,79,66,48,21,1,66,34,56,47,40,19,0.54
k_league_1_2026,2026-08-15,23,Gwangju FC,Pohang Steelers,1,2,Gwangju FC,home,57,25,10,8,16,9,7,0.0,1,0,1,597,553,92.6,35,22,63,27,9,33,6,2,33,46,39,17,44,31,15,48,12,12,83,13,2,0,9,16,6,3,5,6,32,4,0,0,1,1,0,,,,0,95,79,83,46,32,,103,33,72,38,44,29,2.43
k_league_1_2026,2026-08-15,23,Gwangju FC,Pohang Steelers,1,2,Pohang Steelers,away,43,5,3,2,5,0,0,0.0,2,2,0,473,423,89.4,41,16,39,5,3,60,7,2,29,54,39,22,56,31,16,52,8,8,63,3,0,1,1,17,8,13,27,7,22,7,0,1,9,9,1,,,,1,63,38,60,39,17,,67,19,66,67,21,14,0.87
k_league_1_2026,2026-08-15,23,FC Seoul,Daejeon Hana Citizen,4,2,FC Seoul,home,59,16,8,5,13,3,3,2.92,3,3,,470,393,83.6,46,27,59,19,6,32,11,6,55,59,42,26,62,26,14,54,11,11,91,,4,1,5,22,4,9,30,9,36,3,1,,2,2,,,,,,169,130,77,71,34,1,86,29,75,33,51,38,3.49
k_league_1_2026,2026-08-15,23,FC Seoul,Daejeon Hana Citizen,4,2,Daejeon Hana Citizen,away,41,12,3,4,6,6,5,1.48,0,0,,321,242,75.4,54,24,44,16,3,19,9,3,33,41,42,16,38,26,12,46,8,8,88,,2,0,8,10,7,5,29,9,34,5,0,,4,4,,,,,,98,57,58,50,18,0,74,31,67,39,37,30,0.83
k_league_1_2026,2026-08-08,22,Pohang Steelers,Ulsan HD,0,2,Pohang Steelers,home,50,11,0,9,5,6,2,0.0,0,,0,539,474,87.9,36,13,36,15,3,20,19,6,32,49,65,31,48,20,11,55,19,19,84,6,1,1,1,12,3,6,9,7,44,4,1,,5,5,,,,,,127,89,70,61,19,1,92,30,81,47,44,23,0.77
k_league_1_2026,2026-08-08,22,Pohang Steelers,Ulsan HD,0,2,Ulsan HD,away,50,12,7,2,10,2,3,0.0,1,,1,545,487,89.4,45,23,51,12,4,33,15,11,73,51,65,34,52,20,9,45,17,17,71,6,1,3,3,16,12,6,18,12,43,15,1,,0,0,,,,,,95,67,71,49,16,1,80,21,86,55,37,24,1.18
k_league_1_2026,2026-08-08,22,Jeonbuk Hyundai Motors,Jeju SK,1,3,Jeonbuk Hyundai Motors,home,70,37,10,17,23,14,10,0.0,1,0,1,494,450,91.1,36,21,58,35,9,26,6,3,50,51,48,24,50,28,15,54,7,7,57,,2,1,11,12,5,14,13,4,34,7,1,,1,1,0,,,,,151,130,86,70,40,6,98,20,69,30,67,50,3.32
k_league_1_2026,2026-08-08,22,Jeonbuk Hyundai Motors,Jeju SK,1,3,Jeju SK,away,30,9,4,4,7,2,1,0.0,3,2,1,213,160,75.1,44,20,45,8,2,25,4,2,50,49,48,24,50,28,13,46,10,10,50,,1,0,3,12,20,11,30,5,24,5,0,,9,9,1,,,,,61,37,61,45,17,4,72,22,59,49,38,29,1.53
k_league_1_2026,2026-08-08,22,Gimcheon Sangmu FC,FC Seoul,0,0,Gimcheon Sangmu FC,home,56,8,2,5,6,2,1,0.0,,,,466,392,84.1,55,28,51,9,3,33,12,3,25,50,58,29,50,26,13,50,13,13,77,11,1,5,1,10,4,13,14,10,44,7,0,5,2,2,,0,,,,99,62,63,57,17,1,72,21,77,66,30,13,0.64
k_league_1_2026,2026-08-08,22,Gimcheon Sangmu FC,FC Seoul,0,0,FC Seoul,away,44,5,2,2,4,1,1,0.0,,,,368,295,80.2,49,28,57,11,2,18,11,2,18,50,58,29,50,26,13,50,16,16,88,13,1,3,2,13,4,11,16,10,38,4,0,1,2,2,,1,,,,86,58,67,44,17,1,76,27,67,52,39,21,0.45
k_league_1_2026,2026-08-08,22,FC Anyang,Daejeon Hana Citizen,1,2,FC Anyang,home,48,23,6,9,8,15,8,0.0,2,1,1,369,300,81.3,42,19,45,23,6,26,7,1,14,49,51,25,49,34,17,50,8,8,75,,1,3,5,20,6,17,22,8,37,6,0,,7,7,0,,,,,96,69,72,45,27,7,54,21,57,41,40,38,1.83
k_league_1_2026,2026-08-08,22,FC Anyang,Daejeon Hana Citizen,1,2,Daejeon Hana Citizen,away,52,21,9,8,20,1,4,0.0,2,2,0,405,328,81.0,66,27,41,20,9,45,6,2,33,51,51,26,51,34,17,50,12,12,42,,3,2,6,19,11,12,31,4,33,4,2,,5,5,1,,,,,140,100,71,73,31,3,79,21,71,53,42,26,2.86
k_league_1_2026,2026-08-08,22,Bucheon FC 1995,Gwangju FC,0,0,Bucheon FC 1995,home,40,12,5,2,5,7,5,0.0,0,,0,316,259,82.0,45,19,42,9,3,33,6,4,67,45,56,27,48,24,9,38,10,10,50,16,1,1,3,10,11,13,27,11,29,7,0,1,1,1,,,,,,54,30,56,35,14,2,65,31,63,53,22,16,0.76
k_league_1_2026,2026-08-08,22,Bucheon FC 1995,Gwangju FC,0,0,Gwangju FC,away,60,14,1,8,7,7,5,0.0,3,,3,464,410,88.4,37,19,51,19,7,37,9,4,44,55,56,29,52,24,15,63,9,9,89,13,2,2,7,16,5,16,17,5,32,5,1,0,5,5,,,,,,98,71,72,49,20,1,90,28,63,49,44,23,1.92
k_league_1_2026,2026-08-02,21,Ulsan HD,FC Anyang,3,1,Ulsan HD,home,47,12,3,9,8,4,0,2.54,2,2,0,412,362,87.9,37,21,57,14,5,36,10,1,10,46,56,28,50,16,5,31,14,14,71,,0,,2,14,8,12,16,7,29,5,3,,1,1,,,,0,,122,99,81,43,20,2,67,12,64,46,48,42,2.06
k_league_1_2026,2026-08-02,21,Ulsan HD,FC Anyang,3,1,FC Anyang,away,53,8,2,5,6,2,1,1.57,2,0,2,473,410,86.7,25,11,44,11,4,36,8,4,50,54,56,28,50,16,11,69,14,14,86,,1,,1,24,7,10,15,6,34,10,2,,0,0,,,,1,,93,62,67,57,10,2,67,22,61,46,33,32,1.38
k_league_1_2026,2026-08-02,21,Jeju SK,Incheon United,3,3,Jeju SK,home,51,13,5,6,8,5,2,,2,2,,399,334,83.7,45,20,44,22,5,23,23,13,57,49,78,40,51,26,11,42,11,11,100,13,3,4,5,26,6,16,22,9,41,11,0,1,4,4,,,,,,117,84,72,59,19,3,91,33,66,33,46,34,1.57
k_league_1_2026,2026-08-02,21,Jeju SK,Incheon United,3,3,Incheon United,away,49,11,7,2,7,4,2,,2,2,,397,330,83.1,38,14,37,16,7,44,11,5,45,51,78,38,49,26,15,58,21,21,76,16,2,1,5,14,11,13,24,7,36,5,1,0,2,2,,,,,,108,72,67,42,17,0,82,32,71,37,40,31,1.54
k_league_1_2026,2026-08-02,21,Daejeon Hana Citizen,Gwangju FC,2,0,Daejeon Hana Citizen,home,61,18,5,6,13,5,7,2.03,2,1,1,514,459,89.3,38,25,66,22,6,27,8,1,13,47,44,19,43,20,11,55,11,11,55,10,1,0,8,15,4,7,19,6,44,8,1,,3,3,,,,,1,154,122,79,71,35,,74,34,56,33,51,33,2.05
k_league_1_2026,2026-08-02,21,Daejeon Hana Citizen,Gwangju FC,2,0,Gwangju FC,away,39,9,3,5,6,3,1,0.65,0,0,0,333,269,80.8,48,21,44,12,4,33,8,1,13,53,44,25,57,20,9,45,15,15,73,7,1,1,2,18,6,10,26,12,32,4,0,,3,3,,,,,1,66,42,64,34,11,,44,18,63,69,20,13,0.79
k_league_1_2026,2026-08-01,21,Pohang Steelers,Gimcheon Sangmu FC,0,1,Pohang Steelers,home,45,11,2,7,5,6,2,,0,0,0,420,371,88.3,47,23,49,10,2,20,13,5,38,48,43,22,51,19,8,42,11,11,82,,,2,3,11,5,7,25,6,43,6,0,0,4,4,2,2,,,,83,54,65,53,17,1,62,29,61,58,26,13,0.59
k_league_1_2026,2026-08-01,21,Pohang Steelers,Gimcheon Sangmu FC,0,1,Gimcheon Sangmu FC,away,55,9,6,2,4,5,1,,3,1,2,511,449,87.9,54,27,50,19,5,26,8,2,25,52,43,21,49,19,11,58,14,14,64,,,2,7,17,7,5,17,4,34,5,0,2,2,2,0,1,,,,98,68,69,48,12,2,71,23,68,59,32,18,0.82
k_league_1_2026,2026-08-01,21,Jeonbuk Hyundai Motors,FC Seoul,0,0,Jeonbuk Hyundai Motors,home,50,14,5,3,5,9,6,,,,,366,307,83.9,38,14,37,17,7,41,10,5,50,50,54,28,52,22,10,45,13,13,54,12,2,3,4,19,7,10,24,1,29,6,0,,2,2,,,,,,93,58,62,39,15,2,77,23,66,51,39,26,0.86
k_league_1_2026,2026-08-01,21,Jeonbuk Hyundai Motors,FC Seoul,0,0,FC Seoul,away,50,7,2,2,3,4,3,,,,,364,305,83.8,37,12,32,13,1,8,11,3,27,50,54,26,48,22,12,55,11,11,45,10,2,3,5,16,5,12,21,2,29,5,0,,5,5,,,,,,76,50,66,35,9,2,70,19,63,58,31,23,0.37
k_league_1_2026,2026-08-01,21,Gangwon FC,Bucheon FC 1995,0,3,Gangwon FC,home,75,14,3,4,8,6,7,,1,0,1,461,386,83.7,69,40,58,28,7,25,8,4,50,54,55,27,49,38,23,61,8,8,88,,4,1,6,24,6,16,23,4,27,6,0,0,2,2,,0,,,,152,101,66,85,21,4,100,29,66,35,61,36,1.52
k_league_1_2026,2026-08-01,21,Gangwon FC,Bucheon FC 1995,0,3,Bucheon FC 1995,away,25,10,5,2,7,3,3,,1,1,0,147,79,53.7,49,20,41,15,4,27,8,6,75,46,55,28,51,38,15,39,10,10,70,,2,1,5,15,10,12,40,10,27,6,0,1,3,3,,1,,,,53,25,47,39,14,2,59,21,61,43,34,36,1.12
k_league_1_2026,2026-07-26,20,Incheon United,Bucheon FC 1995,1,1,Incheon United,home,70,15,3,8,10,5,4,2.04,1,,1,523,472,90.2,50,31,62,36,7,19,13,4,31,46,51,24,47,27,12,44,11,11,64,,2,2,8,21,3,10,16,4,41,9,0,,2,2,,,,,,188,154,82,89,32,1,77,28,66,31,48,41,1.39
k_league_1_2026,2026-07-26,20,Incheon United,Bucheon FC 1995,1,1,Bucheon FC 1995,away,30,8,2,2,5,3,4,0.52,1,,1,225,154,68.4,55,23,42,13,3,23,11,4,36,54,51,27,53,27,15,56,18,18,83,,4,0,7,22,15,5,30,9,28,4,0,,2,2,,,,,,72,38,53,41,13,2,52,17,58,48,23,35,1.67
k_league_1_2026,2026-07-26,20,Gwangju FC,Jeju SK,1,2,Gwangju FC,home,42,8,4,2,5,3,2,1.14,1,1,0,325,261,80.3,56,20,36,15,3,20,4,1,25,40,41,16,39,29,12,41,9,9,78,,1,3,4,20,10,6,35,5,31,7,0,,3,3,,0,,,,95,61,64,51,14,1,77,28,61,42,34,30,2.02
k_league_1_2026,2026-07-26,20,Gwangju FC,Jeju SK,1,2,Jeju SK,away,58,31,5,9,13,18,17,2.24,2,1,1,441,384,87.1,33,13,39,23,6,26,12,6,50,60,41,25,61,29,17,59,10,10,70,,0,0,11,25,2,9,28,5,37,3,0,,3,3,,1,,,,160,126,79,80,30,0,93,31,56,27,54,42,2.15
k_league_1_2026,2026-07-26,20,FC Seoul,Ulsan HD,1,3,FC Seoul,home,70,19,2,11,14,5,6,,1,0,1,518,459,88.6,43,31,72,40,12,30,17,6,35,48,54,25,46,42,21,50,8,8,75,,1,2,8,31,4,11,11,7,32,9,1,,1,1,,0,,1,,212,170,80,79,42,5,100,37,52,26,67,37,1.79
k_league_1_2026,2026-07-26,20,FC Seoul,Ulsan HD,1,3,Ulsan HD,away,30,8,4,2,5,3,2,,3,2,1,228,156,68.4,49,20,41,10,1,10,6,3,50,52,54,29,54,42,21,50,20,20,70,,2,1,3,14,18,6,38,9,38,5,0,,1,1,,2,,0,,54,29,54,29,15,1,39,10,61,61,19,29,0.93
k_league_1_2026,2026-07-26,20,FC Anyang,Gangwon FC,2,1,FC Anyang,home,40,12,3,7,8,4,2,1.66,3,2,1,303,217,71.6,44,18,41,7,3,43,7,5,71,53,50,27,54,41,21,51,13,13,69,12,2,1,2,24,9,9,30,7,46,9,0,,7,7,,1,,,1,68,36,53,38,15,2,65,29,71,53,24,18,1.22
k_league_1_2026,2026-07-26,20,FC Anyang,Gangwon FC,2,1,Gangwon FC,away,60,19,7,6,14,5,6,2.2,1,1,0,463,385,83.2,57,34,60,24,4,17,7,1,14,47,50,23,46,41,20,49,11,11,82,9,0,0,10,22,7,12,17,13,43,7,1,,1,1,,0,,,0,181,131,72,76,36,0,96,28,75,30,60,42,2.5
k_league_1_2026,2026-07-25,20,Pohang Steelers,Jeonbuk Hyundai Motors,0,2,Pohang Steelers,home,58,18,4,5,11,7,9,,0,0,0,536,482,89.9,39,21,54,32,6,19,6,1,17,35,43,15,35,26,9,35,6,6,67,9,1,1,7,17,9,9,9,8,35,7,0,,2,2,,0,,,,135,103,76,51,32,1,94,35,64,44,54,21,1.65
k_league_1_2026,2026-07-25,20,Pohang Steelers,Jeonbuk Hyundai Motors,0,2,Jeonbuk Hyundai Motors,away,42,10,4,4,4,6,2,,2,1,1,396,341,86.1,42,19,45,8,1,13,12,7,58,65,43,28,65,26,17,65,12,12,58,9,1,3,1,6,13,9,40,6,39,1,0,,4,4,,4,,,,49,32,65,22,11,0,56,15,64,54,23,31,1.14
k_league_1_2026,2026-07-25,20,Gimcheon Sangmu FC,Daejeon Hana Citizen,3,2,Gimcheon Sangmu FC,home,47,15,5,4,9,6,6,,1,1,0,431,342,79.4,62,29,47,10,3,30,9,4,44,47,58,23,40,28,17,61,12,12,83,15,3,1,3,17,8,8,30,10,47,10,0,,1,1,1,,,0,,119,80,67,55,18,0,87,19,83,58,33,23,1.19
k_league_1_2026,2026-07-25,20,Gimcheon Sangmu FC,Daejeon Hana Citizen,3,2,Daejeon Hana Citizen,away,53,12,3,6,9,3,3,,4,2,2,467,372,79.7,64,25,39,30,9,30,14,6,43,53,58,35,60,28,11,39,15,15,47,8,1,0,6,17,9,15,13,8,50,4,0,,2,2,0,,,1,,141,96,68,67,31,2,110,35,90,43,45,22,1.58
k_league_1_2026,2026-07-22,19,Gwangju FC,Gimcheon Sangmu FC,1,1,Gwangju FC,home,38,2,1,0,2,0,1,,1,1,,301,234,77.7,44,18,41,6,2,33,7,3,43,45,48,25,52,30,10,33,13,13,54,7,1,1,1,10,12,11,25,6,26,6,0,1,1,1,,1,,,1,33,14,42,31,5,,39,17,54,72,18,11,0.34
k_league_1_2026,2026-07-22,19,Gwangju FC,Gimcheon Sangmu FC,1,1,Gimcheon Sangmu FC,away,62,18,2,8,15,3,8,,0,0,,490,415,84.7,54,31,57,26,9,35,11,6,55,55,48,23,48,30,20,67,10,10,70,11,0,0,11,19,4,7,5,11,31,8,0,0,0,0,,0,,,0,140,92,66,72,56,,67,21,54,43,47,36,1.19
k_league_1_2026,2026-07-22,19,FC Seoul,Pohang Steelers,3,1,FC Seoul,home,42,16,8,4,14,2,4,,2,1,1,319,276,86.5,28,12,43,17,4,24,16,8,50,43,45,20,44,22,9,41,7,7,86,,0,2,7,12,5,5,13,10,30,4,1,,3,3,,1,,,,110,89,81,46,38,2,63,22,47,28,44,50,1.88
k_league_1_2026,2026-07-22,19,FC Seoul,Pohang Steelers,3,1,Pohang Steelers,away,58,8,3,2,4,4,3,,2,0,2,459,409,89.1,43,20,47,8,1,13,9,5,56,57,45,25,56,22,13,59,12,12,33,,1,1,3,11,8,8,29,7,26,3,1,,5,5,,0,,,,58,35,60,34,9,0,56,18,55,65,25,17,1.68
k_league_1_2026,2026-07-22,19,Bucheon FC 1995,FC Anyang,2,3,Bucheon FC 1995,home,56,16,6,6,6,10,4,1.17,2,1,1,495,427,86.3,53,27,51,26,9,35,9,3,33,50,53,26,49,29,15,52,10,10,60,12,2,1,3,18,5,14,14,10,35,3,0,0,5,5,,,,1,1,154,120,78,83,21,5,82,30,66,32,40,38,2.04
k_league_1_2026,2026-07-22,19,Bucheon FC 1995,FC Anyang,2,3,FC Anyang,away,44,18,8,3,7,11,7,1.46,3,3,0,394,322,81.7,37,20,54,13,6,46,13,8,62,50,53,27,51,29,14,48,9,9,67,14,2,2,5,12,8,12,40,5,36,5,0,1,4,4,,,,0,1,108,73,68,44,24,2,62,23,63,47,30,30,1.05
k_league_1_2026,2026-07-21,19,Ulsan HD,Incheon United,1,2,Ulsan HD,home,45,10,4,5,5,5,1,,1,0,1,382,302,79.1,41,9,22,12,5,42,12,5,42,57,62,34,55,26,16,62,21,21,76,8,1,2,3,16,9,8,32,8,39,7,0,,5,5,,1,,,1,87,53,61,37,23,2,48,17,59,64,28,19,0.61
k_league_1_2026,2026-07-21,19,Ulsan HD,Incheon United,1,2,Incheon United,away,55,22,8,8,15,7,6,,2,2,0,467,402,86.1,51,23,45,25,6,24,16,6,38,43,62,28,45,26,10,38,14,14,79,8,4,5,2,20,9,7,19,7,41,11,1,,3,3,,0,,,0,142,110,77,73,41,3,80,25,67,37,52,38,3.64
k_league_1_2026,2026-07-21,19,Jeonbuk Hyundai Motors,Daejeon Hana Citizen,0,0,Jeonbuk Hyundai Motors,home,60,16,2,9,10,6,5,,2,,2,553,503,91.0,30,19,63,22,7,32,17,5,29,40,57,24,42,28,10,36,15,15,60,10,2,2,5,19,7,4,25,11,38,8,0,,2,2,,1,,,,131,108,82,48,27,2,90,22,86,40,61,38,2.16
k_league_1_2026,2026-07-21,19,Jeonbuk Hyundai Motors,Daejeon Hana Citizen,0,0,Daejeon Hana Citizen,away,40,11,2,6,8,3,3,,0,,0,364,300,82.4,53,32,60,19,7,37,14,3,21,60,57,33,58,28,18,64,20,20,65,5,0,1,5,12,11,10,22,8,35,4,0,,2,2,,0,,,,100,57,57,65,26,1,72,28,74,50,42,22,0.92
k_league_1_2026,2026-07-21,19,Jeju SK,Gangwon FC,1,1,Jeju SK,home,57,12,4,5,10,2,3,,1,1,0,440,355,80.7,61,26,43,23,4,17,16,7,44,46,62,26,42,41,21,51,9,9,44,11,2,2,5,17,6,10,14,8,50,9,0,1,5,5,,,,,,116,81,70,60,18,0,113,32,94,47,48,21,0.78
k_league_1_2026,2026-07-21,19,Jeju SK,Gangwon FC,1,1,Gangwon FC,away,43,11,6,3,6,5,2,,2,0,2,346,247,71.4,59,18,31,9,2,22,12,7,58,54,62,36,58,41,20,49,18,18,67,10,1,1,2,16,8,11,30,10,46,4,0,0,3,3,,,,,,118,64,54,71,12,1,76,30,75,44,29,26,0.62
k_league_1_2026,2026-07-19,18,FC Anyang,Gwangju FC,1,1,FC Anyang,home,48,7,4,2,4,3,1,,3,1,2,423,370,87.5,35,19,54,14,4,29,13,2,15,45,53,21,40,23,13,57,11,11,64,15,1,1,3,11,7,8,33,12,41,3,0,1,3,3,,0,,,,88,61,69,43,19,2,79,17,72,57,43,26,1.24
k_league_1_2026,2026-07-19,18,FC Anyang,Gwangju FC,1,1,Gwangju FC,away,52,15,4,4,10,5,7,,4,1,3,456,394,86.4,36,21,58,26,6,23,11,5,45,55,53,32,60,23,10,43,14,14,79,9,2,0,7,16,3,15,15,11,39,5,0,0,3,3,,1,,,,115,83,72,64,26,1,105,26,85,42,55,32,1.37
k_league_1_2026,2026-07-19,18,Bucheon FC 1995,FC Seoul,1,3,Bucheon FC 1995,home,31,14,4,6,10,4,4,,1,0,1,206,129,62.6,51,15,29,14,8,57,22,7,32,46,73,32,44,32,16,50,16,16,56,,4,3,5,20,10,9,23,10,35,5,0,0,2,2,,,,,0,60,28,47,43,19,2,55,23,60,49,35,28,1.35
k_league_1_2026,2026-07-19,18,Bucheon FC 1995,FC Seoul,1,3,FC Seoul,away,69,17,5,7,9,8,5,,4,3,1,486,409,84.2,53,26,49,15,5,33,20,8,40,54,73,41,56,32,16,50,20,20,70,,3,0,4,23,8,13,21,9,41,4,0,1,2,2,,,,,1,106,71,67,51,22,3,88,25,81,42,45,33,1.96
k_league_1_2026,2026-07-18,18,Incheon United,Jeonbuk Hyundai Motors,1,0,Incheon United,home,42,12,7,4,7,5,1,1.59,1,1,0,383,322,84.1,51,19,37,9,2,22,8,2,25,40,56,24,43,26,9,35,12,12,75,12,0,2,2,16,6,10,21,12,50,7,0,1,6,6,1,,,,,102,70,69,47,13,2,79,28,81,46,39,26,1.24
k_league_1_2026,2026-07-18,18,Incheon United,Jeonbuk Hyundai Motors,1,0,Jeonbuk Hyundai Motors,away,58,12,6,3,9,3,3,1.47,1,0,1,531,467,87.9,56,35,63,21,5,24,14,7,50,60,56,32,57,26,17,65,13,13,23,10,1,5,4,17,10,12,13,13,50,5,0,1,6,6,0,,,,,125,92,74,61,21,2,94,21,83,59,42,20,0.73
k_league_1_2026,2026-07-18,18,Gangwon FC,Gimcheon Sangmu FC,2,0,Gangwon FC,home,55,16,5,5,8,8,6,2.05,3,,3,395,313,79.2,46,21,46,27,8,30,10,3,30,50,69,32,46,34,20,59,17,17,65,11,3,5,12,18,4,13,16,6,53,12,1,,2,2,1,1,,0,,141,99,70,59,31,2,83,25,57,27,61,48,1.88
k_league_1_2026,2026-07-18,18,Gangwon FC,Gimcheon Sangmu FC,2,0,Gimcheon Sangmu FC,away,45,7,2,2,4,3,3,0.97,2,,2,327,241,73.7,52,18,35,14,4,29,17,7,41,50,69,37,54,34,14,41,19,19,58,13,2,1,3,25,12,11,32,13,39,7,0,,3,3,1,0,,2,,80,49,61,51,11,2,58,23,75,59,34,18,0.75
k_league_1_2026,2026-07-18,18,Daejeon Hana Citizen,Ulsan HD,2,2,Daejeon Hana Citizen,home,52,18,3,8,13,5,7,2.05,3,2,1,477,407,85.3,67,40,60,32,9,28,14,7,50,56,47,23,49,31,21,68,9,9,67,7,1,0,6,16,5,7,14,15,52,8,0,1,2,2,1,0,,,,183,135,74,90,34,1,109,30,81,36,53,34,1.76
k_league_1_2026,2026-07-18,18,Daejeon Hana Citizen,Ulsan HD,2,2,Ulsan HD,away,48,8,4,3,6,2,1,1.1,2,1,1,449,378,84.2,43,19,44,14,4,29,5,2,40,44,47,24,51,31,10,32,15,15,47,7,0,1,3,12,16,7,29,11,43,6,0,0,1,1,0,1,,,,82,59,72,51,16,2,78,27,77,53,31,20,1.59
k_league_1_2026,2026-07-12,17,Jeju SK,Daejeon Hana Citizen,0,0,Jeju SK,home,57,16,3,7,8,8,6,0.91,,,,445,360,80.9,47,13,28,18,4,22,10,8,80,62,42,28,67,42,24,57,11,11,55,7,1,2,7,16,8,10,37,8,42,3,0,,2,2,1,0,,,0,119,79,66,60,22,1,74,29,66,42,38,29,0.9
k_league_1_2026,2026-07-12,17,Jeju SK,Daejeon Hana Citizen,0,0,Daejeon Hana Citizen,away,43,8,2,5,5,3,1,0.61,,,,328,243,74.1,56,24,43,25,3,12,12,3,25,38,42,14,33,42,18,43,5,5,60,10,1,4,9,20,10,7,27,5,39,2,1,,3,3,2,1,,,1,98,55,56,45,15,1,81,21,73,48,40,31,0.5
k_league_1_2026,2026-07-12,17,Incheon United,FC Anyang,0,1,Incheon United,home,64,22,8,8,15,7,6,2.3,2,0,2,548,478,87.2,36,22,61,33,15,45,12,5,42,57,65,32,49,49,33,67,14,14,79,9,2,1,5,25,4,14,19,10,36,10,1,,4,4,1,1,,,1,248,197,79,80,45,7,73,36,41,20,54,44,1.79
k_league_1_2026,2026-07-12,17,Incheon United,FC Anyang,0,1,FC Anyang,away,36,8,5,3,4,4,0,0.68,1,1,0,320,253,79.1,40,14,35,10,4,40,14,7,50,43,65,33,51,49,16,33,17,17,59,14,3,1,3,17,10,9,38,10,42,7,0,,7,7,0,1,,,0,85,54,64,37,12,0,46,23,54,57,20,20,0.85
k_league_1_2026,2026-07-12,17,FC Seoul,Gangwon FC,0,0,FC Seoul,home,59,10,3,3,7,3,4,0.64,0,,0,398,314,78.9,61,22,36,22,6,27,13,6,46,55,53,29,55,44,24,55,8,8,75,7,1,0,4,33,9,16,19,7,30,11,0,,4,4,0,0,,,,89,56,63,47,17,3,92,20,86,60,36,20,0.7
k_league_1_2026,2026-07-12,17,FC Seoul,Gangwon FC,0,0,Gangwon FC,away,41,13,4,6,6,7,3,0.93,2,,2,287,212,73.9,61,26,43,8,4,50,4,1,25,45,53,24,45,44,20,45,18,18,67,16,2,1,3,14,5,7,31,4,41,5,1,,3,3,1,1,,,,107,61,57,70,16,1,77,26,76,52,32,22,1.05
k_league_1_2026,2026-07-11,17,Ulsan HD,Jeonbuk Hyundai Motors,1,3,Ulsan HD,home,51,17,5,10,12,5,2,2.41,2,,2,390,325,83.3,29,13,45,24,6,25,17,9,53,47,72,37,51,28,10,36,14,14,64,14,2,1,2,13,6,16,12,4,39,6,0,,4,4,2,0,,1,0,123,83,67,51,22,6,68,29,54,38,55,33,1.79
k_league_1_2026,2026-07-11,17,Ulsan HD,Jeonbuk Hyundai Motors,1,3,Jeonbuk Hyundai Motors,away,49,14,7,4,5,9,3,1.34,0,,0,391,329,84.1,51,27,53,13,1,8,14,7,50,53,72,35,49,28,18,64,14,14,64,16,4,0,5,11,13,14,24,10,44,7,1,,4,4,0,1,,0,1,98,74,76,39,13,1,72,15,72,47,39,38,1.23
k_league_1_2026,2026-07-11,17,Gwangju FC,Pohang Steelers,0,3,Gwangju FC,home,49,11,2,6,7,4,3,0.79,1,0,1,453,393,86.8,38,15,39,13,4,31,20,6,30,38,59,22,37,19,8,42,6,6,100,11,0,5,7,19,6,10,19,9,33,9,0,,0,0,0,,,,1,73,48,66,44,17,0,78,19,84,60,27,21,1.27
k_league_1_2026,2026-07-11,17,Gwangju FC,Pohang Steelers,0,3,Pohang Steelers,away,51,12,3,6,8,4,3,1.58,4,3,1,470,408,86.8,49,22,45,12,5,42,7,4,57,62,59,37,63,19,11,58,23,23,65,10,3,1,2,11,9,11,19,5,31,3,0,,2,2,1,,,,0,82,54,66,50,25,1,82,21,69,59,42,20,0.95
k_league_1_2026,2026-07-11,17,Gimcheon Sangmu FC,Bucheon FC 1995,1,1,Gimcheon Sangmu FC,home,70,18,5,12,10,8,1,1.96,3,0,3,547,476,87.0,45,17,38,22,8,36,8,2,25,52,51,25,49,39,22,56,13,13,69,9,0,1,4,11,3,10,25,4,45,6,0,1,3,3,,1,,,1,101,57,56,57,16,1,76,22,64,60,49,18,1.2
k_league_1_2026,2026-07-11,17,Gimcheon Sangmu FC,Bucheon FC 1995,1,1,Bucheon FC 1995,away,30,9,4,4,7,2,1,1.35,1,1,0,237,144,60.8,59,14,24,10,2,20,15,6,40,48,51,26,51,39,17,44,12,12,75,10,2,2,4,12,16,9,23,8,39,4,1,0,3,3,,1,,,2,81,32,40,61,14,2,55,23,69,56,27,21,1.41
k_league_1_2026,2026-07-05,16,Gwangju FC,Ulsan HD,1,1,Gwangju FC,home,48,7,3,0,3,4,4,0.42,0,0,0,486,432,88.9,38,16,42,15,5,33,19,8,42,47,59,27,46,26,13,50,14,14,57,9,1,2,3,13,7,6,33,11,45,7,0,,9,9,1,0,,1,1,101,82,81,39,14,0,59,23,56,57,31,20,0.33
k_league_1_2026,2026-07-05,16,Gwangju FC,Ulsan HD,1,1,Ulsan HD,away,52,26,10,12,18,8,4,1.97,5,1,4,518,444,85.7,33,14,42,26,8,31,12,5,42,53,59,32,54,26,13,50,18,18,50,6,0,1,8,22,3,9,16,7,43,7,1,,2,2,2,1,,0,0,158,114,72,64,39,1,61,27,41,36,38,37,2.01
k_league_1_2026,2026-07-05,16,Gimcheon Sangmu FC,Jeju SK,1,1,Gimcheon Sangmu FC,home,55,14,4,6,6,8,4,0.88,1,,1,440,387,88.0,39,24,62,23,7,30,18,5,28,46,58,25,43,20,11,55,14,14,79,14,3,1,4,25,5,7,11,4,35,4,0,,3,3,1,0,,0,,119,86,72,67,23,2,94,30,69,42,53,28,0.81
k_league_1_2026,2026-07-05,16,Gimcheon Sangmu FC,Jeju SK,1,1,Jeju SK,away,45,7,4,3,4,3,0,0.42,0,,0,370,328,88.6,39,17,44,9,5,56,11,2,18,54,58,33,57,20,9,45,17,17,59,7,0,0,1,14,9,14,30,8,35,5,0,,3,3,0,1,,1,,51,30,59,38,8,1,62,22,79,68,20,10,0.53
k_league_1_2026,2026-07-05,16,FC Seoul,Incheon United,1,0,FC Seoul,home,48,6,3,2,4,2,1,0.48,1,,1,389,323,83.0,45,20,44,19,4,21,10,4,40,55,56,33,59,21,9,43,17,17,47,9,3,1,3,19,8,13,28,11,33,2,0,,1,1,,2,,,0,72,47,65,41,15,1,85,24,80,51,45,25,0.36
k_league_1_2026,2026-07-05,16,FC Seoul,Incheon United,1,0,Incheon United,away,52,7,1,2,6,1,4,0.79,1,,1,418,351,84.0,51,27,53,24,3,13,20,7,35,45,56,23,41,21,12,57,8,8,88,13,1,2,3,18,5,9,26,9,46,4,0,,2,2,,0,,,1,105,68,65,60,13,1,91,35,69,43,53,22,0.62
k_league_1_2026,2026-07-04,16,Jeonbuk Hyundai Motors,Gangwon FC,1,2,Jeonbuk Hyundai Motors,home,65,14,3,9,11,3,2,2.79,4,1,3,525,437,83.2,67,30,45,20,6,30,9,7,78,55,49,31,63,50,23,46,12,12,83,6,0,0,1,25,9,12,22,5,38,9,2,,5,5,,1,,,2,101,67,66,56,18,2,85,20,90,58,52,22,2.66
k_league_1_2026,2026-07-04,16,Jeonbuk Hyundai Motors,Gangwon FC,1,2,Gangwon FC,away,35,15,7,6,9,6,2,1.31,1,0,1,279,198,71.0,51,15,29,20,9,45,8,3,38,45,49,18,37,50,27,54,11,11,82,12,1,1,7,16,11,6,23,12,44,7,0,,2,2,,0,,,0,122,77,63,60,20,3,85,19,63,37,52,44,1.35
k_league_1_2026,2026-07-04,16,FC Anyang,Pohang Steelers,2,3,FC Anyang,home,59,9,5,4,5,4,0,0.99,2,1,1,488,407,83.4,51,20,39,19,3,16,6,1,17,48,52,26,50,53,24,45,15,15,60,11,1,1,1,22,4,10,26,13,39,8,0,0,2,2,,,,0,,157,105,67,80,19,1,60,38,51,42,34,20,0.74
k_league_1_2026,2026-07-04,16,FC Anyang,Pohang Steelers,2,3,Pohang Steelers,away,41,10,5,1,7,3,4,1.07,2,2,0,348,263,75.6,69,33,48,8,2,25,10,2,20,52,52,26,50,53,29,55,13,13,54,10,4,0,2,19,9,11,29,12,35,7,0,2,3,3,,,,1,,90,48,53,52,16,0,60,22,63,52,28,26,1.14
k_league_1_2026,2026-07-04,16,Daejeon Hana Citizen,Bucheon FC 1995,2,2,Daejeon Hana Citizen,home,61,17,4,9,12,5,4,1.96,3,1,2,439,336,76.5,75,29,39,17,3,18,9,5,56,57,64,32,50,57,37,65,12,12,75,16,1,3,4,23,6,17,30,8,40,11,1,1,3,3,,0,,1,0,161,97,60,73,27,2,91,29,73,34,59,37,1.59
k_league_1_2026,2026-07-04,16,Daejeon Hana Citizen,Bucheon FC 1995,2,2,Bucheon FC 1995,away,39,13,5,6,9,4,2,1.88,1,1,0,282,195,69.1,51,18,35,12,3,25,6,2,33,43,64,32,50,57,20,35,15,15,67,17,4,1,1,17,12,16,36,10,37,8,0,1,2,2,,1,,0,1,82,46,56,54,18,2,74,29,68,48,37,23,1.14
k_league_1_2026,2026-05-17,15,Gangwon FC,Ulsan HD,2,0,Gangwon FC,home,49,13,5,6,7,6,2,2.12,3,1,2,406,296,72.9,67,30,45,13,4,31,12,3,25,46,71,32,45,54,25,46,23,23,65,15,3,2,3,17,5,7,21,20,53,10,0,,3,3,0,,,,,178,126,71,71,21,1,111,29,71,36,67,35,1.59
k_league_1_2026,2026-05-17,15,Gangwon FC,Ulsan HD,2,0,Ulsan HD,away,51,7,3,2,4,3,2,0.74,0,0,0,410,302,73.7,65,21,32,15,0,0,15,6,40,54,71,39,55,54,29,54,19,19,58,7,3,4,1,20,10,15,17,12,54,14,1,,3,3,1,,,,,105,62,59,70,13,4,101,27,89,44,45,29,0.36
k_league_1_2026,2026-05-17,15,Bucheon FC 1995,Pohang Steelers,2,0,Bucheon FC 1995,home,32,9,3,5,4,5,1,0.73,2,2,0,276,211,76.4,58,23,40,7,0,0,9,3,33,51,43,26,60,55,24,44,14,14,71,6,2,0,2,13,12,9,44,10,40,2,0,1,5,5,2,2,,,1,68,38,56,43,15,1,95,19,80,54,49,27,0.67
k_league_1_2026,2026-05-17,15,Bucheon FC 1995,Pohang Steelers,2,0,Pohang Steelers,away,68,20,5,8,11,9,7,1.74,3,0,3,562,485,86.3,60,34,57,29,10,34,12,3,25,49,43,17,40,55,31,56,8,8,50,9,1,1,6,27,5,6,13,7,39,5,0,0,1,1,0,0,,,0,161,108,67,103,34,2,168,33,112,37,96,30,1.29
k_league_1_2026,2026-05-17,15,Jeonbuk Hyundai Motors,Gimcheon Sangmu FC,1,0,Jeonbuk Hyundai Motors,home,59,18,4,9,15,3,5,2.29,4,1,3,497,409,82.3,52,25,48,25,7,28,10,4,40,54,61,31,51,33,20,61,14,14,64,14,1,1,6,26,6,13,20,7,35,5,0,0,2,2,1,,,,1,106,58,55,66,36,4,90,26,83,48,38,26,1.54
k_league_1_2026,2026-05-17,15,Jeonbuk Hyundai Motors,Gimcheon Sangmu FC,1,0,Gimcheon Sangmu FC,away,41,8,2,4,4,4,2,0.67,2,0,2,353,286,81.0,58,25,43,15,7,47,17,7,41,46,61,30,49,33,13,39,11,11,45,13,2,0,1,17,11,14,27,8,33,4,0,1,3,3,1,,,,2,113,83,73,57,20,1,78,28,73,48,34,24,0.58
k_league_1_2026,2026-05-17,15,Jeju SK,FC Anyang,1,2,Jeju SK,home,58,26,7,9,14,12,10,2.73,2,1,1,540,456,84.4,39,22,56,19,7,37,21,11,52,54,61,33,54,49,26,53,13,13,69,11,1,3,5,15,10,9,19,9,48,5,0,2,1,1,0,0,,,0,160,131,82,64,31,,110,24,85,38,67,38,1.59
k_league_1_2026,2026-05-17,15,Jeju SK,FC Anyang,1,2,FC Anyang,away,42,11,3,6,5,6,2,0.59,1,0,1,383,298,77.8,43,17,40,17,1,6,9,2,22,46,61,28,46,49,23,47,15,15,33,9,3,1,2,23,12,11,23,11,42,6,1,0,6,6,2,2,,,2,113,80,71,44,16,,108,30,92,48,44,22,0.55
k_league_1_2026,2026-05-16,15,Incheon United,Gwangju FC,4,0,Incheon United,home,55,13,6,3,7,6,4,,3,2,1,546,505,92.5,28,11,39,17,2,12,23,10,43,50,66,33,50,6,3,50,10,10,60,7,0,1,5,22,5,13,6,7,27,9,0,1,0,0,0,,,,,106,89,84,39,18,3,120,26,81,39,64,35,2.16
k_league_1_2026,2026-05-16,15,Incheon United,Gwangju FC,4,0,Gwangju FC,away,45,4,0,3,2,2,1,,1,0,1,459,420,91.5,35,26,74,6,2,33,11,5,45,50,66,33,50,6,3,50,22,22,77,14,2,1,1,8,3,7,15,5,29,4,0,0,2,2,1,,,,,63,50,79,38,3,0,100,27,83,58,37,15,0.32
k_league_1_2026,2026-05-16,15,Daejeon Hana Citizen,FC Seoul,1,2,Daejeon Hana Citizen,home,48,10,5,3,5,5,2,,1,1,,388,308,79.4,44,24,55,14,1,7,10,3,30,50,61,32,52,37,17,46,19,19,68,,3,2,3,18,4,10,17,7,47,3,0,1,3,3,,0,,,,98,62,63,46,25,2,51,23,45,43,34,34,0.54
k_league_1_2026,2026-05-16,15,Daejeon Hana Citizen,FC Seoul,1,2,FC Seoul,away,52,10,5,2,4,6,3,,1,1,,418,336,80.4,66,27,41,14,4,29,11,6,55,50,61,29,48,37,20,54,10,10,60,,3,4,6,19,6,13,26,10,41,14,0,0,4,4,,2,,,,117,74,63,75,16,2,55,17,52,50,33,33,0.77
k_league_1_2026,2026-05-13,14,Ulsan HD,Jeju SK,2,1,Ulsan HD,home,35,15,6,7,8,7,2,,0,0,,326,250,76.7,55,28,51,15,6,40,16,7,44,52,81,44,54,30,14,47,29,29,69,12,0,,6,18,10,8,27,9,46,10,1,,5,5,3,,,,0,118,87,74,41,19,0,54,13,75,54,43,33,0.98
k_league_1_2026,2026-05-13,14,Ulsan HD,Jeju SK,2,1,Jeju SK,away,65,15,6,4,8,7,5,,1,1,,621,555,89.4,50,30,60,30,11,37,21,6,29,48,81,37,46,30,16,53,19,19,58,8,1,,7,18,8,12,11,10,55,14,0,,4,4,0,,,,1,152,122,80,86,28,1,107,27,90,43,63,30,1.45
k_league_1_2026,2026-05-13,14,FC Anyang,Gimcheon Sangmu FC,2,2,FC Anyang,home,40,9,3,5,5,4,1,,2,2,0,335,243,72.5,52,22,42,7,2,29,12,5,42,47,58,28,48,39,18,46,14,14,64,,2,2,1,26,10,9,30,14,47,8,0,1,3,3,,,,,,79,54,68,43,14,2,47,18,77,55,39,27,0.92
k_league_1_2026,2026-05-13,14,FC Anyang,Gimcheon Sangmu FC,2,2,Gimcheon Sangmu FC,away,60,16,5,7,10,6,4,,2,1,1,499,410,82.2,60,31,52,24,6,25,13,7,54,53,58,30,52,39,21,54,15,15,80,,1,0,3,25,9,10,14,15,46,8,0,0,1,1,,,,,,160,110,69,74,23,1,72,21,79,52,51,27,2.53
k_league_1_2026,2026-05-13,14,Bucheon FC 1995,Jeonbuk Hyundai Motors,0,0,Bucheon FC 1995,home,15,6,1,4,5,1,1,,,,,126,66,52.4,54,14,26,7,3,43,4,3,75,43,31,20,65,43,12,28,7,7,57,3,3,0,1,6,21,10,61,2,31,5,0,,10,10,,2,,,,49,13,27,45,10,3,47,15,72,78,18,7,0.64
k_league_1_2026,2026-05-13,14,Bucheon FC 1995,Jeonbuk Hyundai Motors,0,0,Jeonbuk Hyundai Motors,away,85,29,10,15,21,8,4,,,,,721,669,92.8,44,35,80,62,20,32,4,2,50,57,31,11,35,43,31,72,6,6,50,10,4,2,7,24,5,3,6,1,44,5,0,,1,1,,0,,,,330,295,89,147,50,2,112,32,63,30,104,38,2.38
k_league_1_2026,2026-05-12,14,Incheon United,Pohang Steelers,0,1,Incheon United,home,58,13,5,5,4,9,3,1.2,0,0,,445,380,85.4,44,16,36,29,6,21,16,5,31,45,55,22,40,31,17,55,11,11,91,12,3,2,7,23,4,7,21,8,40,5,1,,2,2,0,0,,,0,134,95,71,63,21,0,79,31,61,43,38,26,1.2
k_league_1_2026,2026-05-12,14,Incheon United,Pohang Steelers,0,1,Pohang Steelers,away,42,4,3,1,3,1,0,0.91,1,1,,328,248,75.6,57,23,40,12,4,33,10,5,50,55,55,33,60,31,14,45,16,16,88,7,1,2,4,25,7,11,41,8,38,6,0,,5,5,1,1,,,1,69,29,42,51,13,2,45,15,60,64,24,21,0.91
k_league_1_2026,2026-05-12,14,Gwangju FC,FC Seoul,0,1,Gwangju FC,home,37,3,1,0,0,3,2,0.08,0,0,,360,293,81.4,45,19,42,12,1,8,11,4,36,50,57,26,46,33,19,58,15,15,60,9,3,1,1,12,15,8,40,4,30,6,0,,2,2,,1,,,,42,25,60,27,10,,55,18,71,73,20,9,0.08
k_league_1_2026,2026-05-12,14,Gwangju FC,FC Seoul,0,1,FC Seoul,away,63,24,3,13,12,12,8,1.93,1,1,,613,548,89.4,50,28,56,33,7,21,20,9,45,50,57,31,54,33,14,42,13,13,69,8,0,1,9,13,0,9,14,6,39,4,1,,1,1,,0,,,,196,153,78,76,37,,120,28,75,36,53,36,1.93
k_league_1_2026,2026-05-12,14,Gangwon FC,Daejeon Hana Citizen,2,0,Gangwon FC,home,55,14,5,5,8,6,4,1.93,3,2,1,348,226,64.9,83,27,33,28,5,18,8,6,75,55,59,34,58,59,31,53,14,14,64,9,1,1,6,28,8,15,35,12,46,10,0,1,3,3,,,,,,167,89,53,85,24,5,103,34,66,28,62,38,1.93
k_league_1_2026,2026-05-12,14,Gangwon FC,Daejeon Hana Citizen,2,0,Daejeon Hana Citizen,away,45,11,3,7,9,2,1,1.43,4,0,4,291,173,59.5,79,25,32,11,5,45,13,4,31,45,59,25,42,59,28,47,12,12,58,15,0,1,1,32,10,9,53,8,37,5,1,1,3,3,,,,,,71,26,37,48,21,1,76,26,84,56,25,18,1.43
k_league_1_2026,2026-05-10,13,FC Anyang,Jeonbuk Hyundai Motors,1,1,FC Anyang,home,40,9,2,3,5,4,4,1.1,1,1,,324,264,81.5,42,25,60,18,2,11,6,4,67,53,46,22,48,35,21,60,16,16,56,,1,1,7,14,13,3,33,4,37,4,0,,2,2,,1,,,,112,76,68,40,20,1,69,21,51,47,30,32,1.1
k_league_1_2026,2026-05-10,13,FC Anyang,Jeonbuk Hyundai Motors,1,1,Jeonbuk Hyundai Motors,away,60,16,3,11,10,6,2,1.37,1,1,,496,442,89.1,58,35,60,21,5,24,19,9,47,47,46,24,52,35,14,40,6,6,83,,1,1,3,14,6,9,22,8,45,6,0,,1,1,,2,,,,126,100,79,54,19,3,81,32,69,49,44,19,1.37
k_league_1_2026,2026-05-10,13,Ulsan HD,Bucheon FC 1995,1,0,Ulsan HD,home,45,16,5,5,9,7,6,1.42,1,1,,427,379,88.8,55,32,58,17,5,29,22,10,45,59,82,49,60,20,11,55,21,21,76,6,0,,5,14,3,18,34,5,45,7,0,,5,5,,0,,0,,89,67,75,48,28,4,111,32,99,43,52,25,1.42
k_league_1_2026,2026-05-10,13,Ulsan HD,Bucheon FC 1995,1,0,Bucheon FC 1995,away,55,13,4,2,8,5,7,0.99,0,0,,503,447,88.9,35,18,51,25,4,16,26,8,31,41,82,33,40,20,9,45,19,19,79,18,1,,7,15,8,6,15,11,45,3,1,,4,4,,2,,1,,184,146,79,86,31,3,132,33,77,30,83,37,0.99
k_league_1_2026,2026-05-09,13,Daejeon Hana Citizen,Pohang Steelers,0,2,Daejeon Hana Citizen,home,70,10,3,4,7,3,3,1.28,2,0,2,673,571,84.8,72,30,42,25,1,4,13,7,54,40,55,22,40,56,22,39,10,10,80,12,3,2,1,30,3,6,20,11,56,10,0,,2,2,,0,,,,142,91,64,67,18,2,186,37,139,39,91,24,1.28
k_league_1_2026,2026-05-09,13,Daejeon Hana Citizen,Pohang Steelers,0,2,Pohang Steelers,away,30,10,4,5,8,2,1,1.25,3,1,2,284,194,68.3,68,31,46,15,8,53,7,5,71,60,54,32,59,56,34,61,15,15,67,6,1,2,5,11,6,12,36,8,61,8,1,,4,4,,1,,,,79,45,57,47,16,0,102,21,94,52,45,27,1.25
k_league_1_2026,2026-05-09,13,Gwangju FC,Gangwon FC,0,0,Gwangju FC,home,38,10,2,1,5,5,7,0.6,0,,0,326,246,75.5,59,21,36,14,3,21,11,4,36,51,51,23,45,37,22,59,10,10,80,11,3,0,5,10,11,11,48,2,47,7,0,0,4,4,1,1,,,2,63,34,54,37,14,1,38,18,59,59,27,23,0.42
k_league_1_2026,2026-05-09,13,Gwangju FC,Gangwon FC,0,0,Gangwon FC,away,62,17,4,7,9,8,6,1.36,2,,2,526,436,82.9,60,28,47,34,5,15,7,3,43,49,51,28,55,37,15,41,14,14,50,11,2,3,6,18,3,10,16,4,51,6,0,1,2,2,0,0,,,1,229,167,73,93,32,5,73,24,52,30,55,46,1.81
k_league_1_2026,2026-05-09,13,Gimcheon Sangmu FC,Incheon United,0,3,Gimcheon Sangmu FC,home,61,12,1,8,6,6,3,,1,0,1,527,451,85.6,36,17,47,16,4,25,14,6,43,62,67,42,63,18,11,61,19,19,58,8,1,1,4,21,2,17,14,7,44,6,1,1,1,1,1,0,,1,1,114,66,58,55,19,2,70,14,70,47,48,39,0.95
k_league_1_2026,2026-05-09,13,Gimcheon Sangmu FC,Incheon United,0,3,Incheon United,away,39,5,4,1,5,0,0,,4,2,2,328,258,78.7,52,21,40,9,1,11,15,4,27,38,67,25,37,18,7,39,14,14,71,17,5,1,4,21,7,8,35,4,52,8,0,0,1,1,1,1,,0,0,77,46,60,48,9,1,57,30,66,46,26,24,2.73
k_league_1_2026,2026-05-09,13,Jeju SK,FC Seoul,2,1,Jeju SK,home,30,11,6,4,7,4,1,2.03,3,2,1,242,174,71.9,44,12,27,10,3,30,8,4,50,57,53,31,58,21,11,52,16,16,44,8,2,4,2,15,12,12,58,14,34,5,0,,2,2,,1,,,0,71,45,63,34,15,3,63,26,62,40,29,34,2.03
k_league_1_2026,2026-05-09,13,Jeju SK,FC Seoul,2,1,FC Seoul,away,70,17,3,7,13,4,7,1.79,2,1,1,550,480,87.3,38,20,53,47,12,26,14,6,43,43,53,22,42,21,10,48,9,9,89,12,1,1,13,18,7,8,9,7,37,8,1,,4,4,,3,,,1,166,126,76,50,48,4,103,36,72,23,61,41,1.79
k_league_1_2026,2026-05-05,12,FC Seoul,FC Anyang,0,0,FC Seoul,home,47,8,3,2,5,3,3,0.7,,,,385,310,80.5,62,22,35,24,7,29,11,1,9,48,51,28,55,30,11,37,16,16,69,6,2,0,3,22,7,13,22,14,42,7,0,,1,1,,3,,,,113,73,65,59,20,1,79,28,70,52,42,20,0.7
k_league_1_2026,2026-05-05,12,FC Seoul,FC Anyang,0,0,FC Anyang,away,53,7,1,4,5,2,2,0.75,,,,440,371,84.3,39,20,51,17,4,24,11,0,0,52,51,23,45,30,19,63,17,17,41,13,2,1,3,26,4,6,29,11,41,5,0,,3,3,,0,,,,126,89,71,60,16,1,97,27,80,49,47,24,0.75
k_league_1_2026,2026-05-05,12,Gimcheon Sangmu FC,Ulsan HD,1,2,Gimcheon Sangmu FC,home,68,12,3,6,6,6,3,,0,0,,536,461,86.0,44,14,32,30,5,17,20,12,60,47,66,34,52,38,15,39,12,12,67,,1,2,7,19,5,10,15,2,39,6,0,,1,1,,0,,,,132,88,67,83,21,2,176,27,115,44,92,29,0.93
k_league_1_2026,2026-05-05,12,Gimcheon Sangmu FC,Ulsan HD,1,2,Ulsan HD,away,32,10,3,6,6,4,1,,2,2,,255,186,72.9,57,22,39,9,4,44,12,5,42,53,66,32,48,38,23,61,14,14,57,,0,1,3,15,10,13,28,10,35,5,0,,2,2,,3,,,,69,36,52,47,16,2,90,25,85,52,47,23,1.88
k_league_1_2026,2026-05-05,12,Gangwon FC,Pohang Steelers,1,1,Gangwon FC,home,57,15,3,5,10,5,7,,1,1,0,357,234,65.5,80,25,31,25,9,36,8,5,63,50,52,25,48,65,34,52,10,10,80,,3,2,5,29,7,10,27,10,46,5,0,0,2,2,,2,,,,162,102,63,68,36,4,89,21,76,39,53,40,1.05
k_league_1_2026,2026-05-05,12,Gangwon FC,Pohang Steelers,1,1,Pohang Steelers,away,43,5,3,2,4,1,0,,2,1,1,272,160,58.8,92,37,40,13,4,31,10,7,70,50,52,27,52,65,31,48,8,8,50,,1,1,3,19,10,14,50,10,36,7,1,1,2,2,,0,,,,83,29,35,68,11,2,81,22,93,46,44,32,1.54
k_league_1_2026,2026-05-05,12,Daejeon Hana Citizen,Incheon United,0,0,Daejeon Hana Citizen,home,61,11,2,7,7,4,2,,,,,571,475,83.2,60,30,50,25,8,32,15,8,53,48,53,24,45,35,18,51,11,11,100,,0,1,5,22,6,5,27,13,51,9,0,,2,2,,0,,,,146,97,66,66,22,2,118,24,98,51,47,25,0.94
k_league_1_2026,2026-05-05,12,Daejeon Hana Citizen,Incheon United,0,0,Incheon United,away,39,8,2,2,4,4,4,,,,,370,274,74.1,61,19,31,15,3,20,5,2,40,52,53,29,55,35,17,49,16,16,81,,1,2,7,13,8,11,35,9,59,8,0,,2,2,,1,,,,108,60,56,43,18,2,85,19,81,53,31,28,0.62
k_league_1_2026,2026-05-05,12,Jeonbuk Hyundai Motors,Gwangju FC,4,0,Jeonbuk Hyundai Motors,home,66,15,10,3,8,7,2,2.22,2,2,0,639,576,90.1,66,41,62,19,5,26,14,2,14,53,58,29,50,22,13,59,11,11,82,8,1,1,4,20,4,15,16,7,41,7,0,0,3,3,,1,,,,190,159,84,76,23,4,109,24,79,42,63,34,2.22
k_league_1_2026,2026-05-05,12,Jeonbuk Hyundai Motors,Gwangju FC,4,0,Gwangju FC,away,34,7,3,2,5,2,2,0.88,1,0,1,318,255,80.2,39,12,31,15,5,33,9,4,44,47,58,29,50,22,9,41,19,19,63,16,4,0,3,13,6,8,31,11,34,6,0,1,6,6,,1,,,,73,46,63,42,13,2,58,28,70,51,28,21,0.88
k_league_1_2026,2026-05-05,12,Bucheon FC 1995,Jeju SK,0,1,Bucheon FC 1995,home,43,7,3,2,2,5,2,0.3,0,0,,336,259,77.1,47,21,45,8,3,38,17,5,29,49,61,27,44,32,19,59,6,6,100,13,2,0,3,21,6,16,21,9,27,7,0,,5,5,,0,,,,86,48,56,46,5,2,75,33,71,49,29,18,0.3
k_league_1_2026,2026-05-05,12,Bucheon FC 1995,Jeju SK,0,1,Jeju SK,away,57,17,6,5,10,7,6,1.2,1,1,,450,375,83.3,61,26,43,15,3,20,6,3,50,51,61,34,56,32,13,41,19,19,74,16,3,2,3,21,2,13,20,10,44,3,1,,3,3,,1,,,,89,55,62,53,17,4,94,28,79,50,31,22,1.2
k_league_1_2026,2026-05-02,11,Gwangju FC,Daejeon Hana Citizen,0,5,Gwangju FC,home,43,5,1,4,1,4,0,0.34,0,0,,471,406,86.2,61,35,57,8,3,38,10,7,70,45,64,31,48,18,6,33,9,9,44,14,4,2,2,16,5,16,12,4,34,9,0,,2,2,,,,2,,81,60,74,54,8,2,109,22,126,64,35,14,0.34
k_league_1_2026,2026-05-02,11,Gwangju FC,Daejeon Hana Citizen,0,5,Daejeon Hana Citizen,away,57,12,7,3,5,7,2,1.04,2,2,,623,564,90.5,35,23,66,13,5,38,14,8,57,55,64,33,52,18,12,67,12,12,67,16,1,0,0,11,9,14,5,12,35,3,0,,1,1,,,,0,,112,92,82,59,15,3,131,24,99,55,52,21,1.04
k_league_1_2026,2026-05-02,11,FC Anyang,Bucheon FC 1995,0,1,FC Anyang,home,62,9,1,7,5,4,1,,0,0,,561,485,86.5,45,30,67,17,5,29,10,3,30,46,61,27,44,29,14,48,10,10,60,,1,1,4,16,4,16,24,7,36,10,0,,0,0,0,0,,,,135,93,69,64,16,1,97,31,82,39,49,30,0.97
k_league_1_2026,2026-05-02,11,FC Anyang,Bucheon FC 1995,0,1,Bucheon FC 1995,away,38,9,1,4,5,4,4,,1,1,,335,258,77.0,43,14,33,16,3,19,4,1,25,54,61,34,56,29,15,52,17,17,65,,2,0,7,7,10,16,27,12,40,7,1,,1,1,1,1,,,,82,46,56,48,13,2,79,26,64,44,36,30,0.58
k_league_1_2026,2026-05-02,11,Jeju SK,Jeonbuk Hyundai Motors,0,2,Jeju SK,home,50,25,8,8,14,11,9,,2,0,2,376,326,86.7,28,10,36,30,4,13,15,4,27,43,54,24,44,37,15,41,11,11,91,,1,2,8,21,7,9,15,6,42,6,0,,3,3,,0,,1,,122,104,85,43,28,1,111,20,79,36,64,44,2.42
k_league_1_2026,2026-05-02,11,Jeju SK,Jeonbuk Hyundai Motors,0,2,Jeonbuk Hyundai Motors,away,50,13,5,6,11,2,2,,1,1,0,389,314,80.7,70,44,63,18,8,44,8,4,50,57,54,30,56,37,22,59,17,17,82,,1,2,6,15,11,9,31,9,44,7,0,,8,8,,1,,0,,98,66,67,51,26,1,97,16,84,49,50,35,1.19
k_league_1_2026,2026-05-02,11,Incheon United,Gangwon FC,0,1,Incheon United,home,52,3,0,2,0,3,1,,,,,440,334,75.9,63,17,27,14,1,7,15,7,47,47,59,33,56,47,17,36,14,14,79,12,2,2,3,26,6,12,25,18,52,4,0,,3,3,,,,,,61,26,43,44,7,1,75,24,78,58,30,18,0.09
k_league_1_2026,2026-05-02,11,Incheon United,Gangwon FC,0,1,Gangwon FC,away,48,14,4,3,8,6,7,,,,,407,300,73.7,78,34,44,16,8,50,9,2,22,53,59,26,44,47,30,64,12,12,50,12,3,4,5,27,4,12,23,15,47,7,0,,0,0,,,,,,159,96,60,79,20,3,106,29,74,38,50,33,0.96
k_league_1_2026,2026-05-02,11,Ulsan HD,Pohang Steelers,0,1,Ulsan HD,home,52,17,3,9,9,8,5,1.08,1,0,1,416,330,79.3,63,26,41,31,12,39,17,7,41,49,56,25,45,34,19,56,13,13,62,9,0,2,11,17,8,5,29,7,45,9,1,1,2,2,1,1,,,1,131,98,75,48,33,1,84,18,78,46,42,36,0.96
k_league_1_2026,2026-05-02,11,Ulsan HD,Pohang Steelers,0,1,Pohang Steelers,away,48,10,3,7,5,5,0,1.74,2,1,1,397,316,79.6,67,29,43,17,4,24,10,4,40,51,56,31,55,34,15,44,19,19,32,5,1,0,2,15,8,9,21,14,41,7,0,0,3,3,1,1,,,0,98,55,56,53,13,4,102,25,89,52,51,23,1.37
k_league_1_2026,2026-05-02,11,FC Seoul,Gimcheon Sangmu FC,2,3,FC Seoul,home,62,14,5,6,7,7,3,1.47,2,1,1,542,448,82.7,44,14,32,15,9,60,13,6,46,53,55,30,55,37,19,51,15,15,60,10,2,2,6,20,2,11,26,9,46,4,1,1,4,4,,1,,1,2,117,72,62,50,29,,98,24,82,40,55,36,0.89
k_league_1_2026,2026-05-02,11,FC Seoul,Gimcheon Sangmu FC,2,3,Gimcheon Sangmu FC,away,38,13,7,2,6,7,4,0.97,4,3,1,328,250,76.2,57,20,35,9,1,11,13,5,38,47,55,25,45,37,18,49,11,11,82,11,3,3,5,13,13,10,21,12,48,7,1,0,3,3,,2,,0,0,79,44,56,42,15,,71,24,72,48,27,28,0.7
k_league_1_2026,2026-04-26,10,Ulsan HD,Daejeon Hana Citizen,1,4,Ulsan HD,home,58,20,4,5,13,7,11,2.02,1,1,0,583,496,85.1,47,22,47,24,9,38,10,2,20,52,55,29,53,29,15,52,14,14,64,,3,2,6,17,5,13,14,7,43,6,1,,5,5,,,,1,,165,113,68,79,37,4,75,24,73,41,60,35,2.02
k_league_1_2026,2026-04-26,10,Ulsan HD,Daejeon Hana Citizen,1,4,Daejeon Hana Citizen,away,42,15,9,3,11,4,3,2.48,4,3,1,425,345,81.2,61,36,59,13,5,38,14,7,50,48,55,26,47,29,14,48,14,14,36,,1,1,4,6,8,6,25,13,54,7,2,,3,3,,,,0,,117,83,71,53,23,1,77,22,81,44,42,34,2.48
k_league_1_2026,2026-04-26,10,Gwangju FC,FC Anyang,2,5,Gwangju FC,home,45,15,5,4,5,10,6,1.26,2,2,0,395,311,78.7,64,27,42,18,2,11,12,6,50,48,49,26,53,46,20,43,7,7,71,10,5,1,4,14,3,14,6,9,64,4,0,0,6,6,0,,,,,103,70,68,57,15,2,116,34,91,40,60,26,1.26
k_league_1_2026,2026-04-26,10,Gwangju FC,FC Anyang,2,5,FC Anyang,away,55,13,12,1,11,2,0,2.03,7,5,2,507,428,84.4,61,28,46,8,7,88,7,4,57,52,49,23,47,46,26,57,10,10,90,14,3,0,2,9,10,10,29,9,63,4,1,1,3,3,1,,,,,103,67,65,58,20,1,116,18,109,61,38,21,2.03
k_league_1_2026,2026-04-26,10,Jeonbuk Hyundai Motors,Pohang Steelers,3,2,Jeonbuk Hyundai Motors,home,57,8,5,2,5,3,1,0.69,0,0,,458,386,84.3,49,26,53,19,7,37,4,2,50,45,54,21,39,28,16,57,14,14,64,16,4,0,5,25,5,6,36,5,30,13,1,,3,3,,1,,,,116,83,72,37,21,0,68,17,63,41,34,42,0.69
k_league_1_2026,2026-04-26,10,Jeonbuk Hyundai Motors,Pohang Steelers,3,2,Pohang Steelers,away,43,14,5,4,9,5,5,2.73,2,2,,339,268,79.1,50,21,42,26,11,42,9,3,33,55,54,33,61,28,12,43,15,15,53,6,1,2,4,12,4,14,27,11,30,8,0,,2,2,,0,,,,87,53,61,52,32,5,74,26,62,30,47,44,2.73
k_league_1_2026,2026-04-25,10,Incheon United,Jeju SK,1,0,Incheon United,home,56,4,1,2,1,3,1,0.18,1,1,,532,469,88.2,45,21,47,19,4,21,10,2,20,46,66,34,52,15,3,20,16,16,56,18,3,1,5,17,4,17,23,6,41,4,0,,4,4,1,1,,,,112,81,72,57,12,4,85,25,78,52,39,23,0.18
k_league_1_2026,2026-04-25,10,Incheon United,Jeju SK,1,0,Jeju SK,away,44,9,4,2,6,3,3,0.66,0,0,,411,347,84.4,45,20,44,21,3,14,9,2,22,54,66,32,48,15,12,80,12,12,67,17,2,2,3,16,8,18,26,10,34,9,0,,0,0,0,0,,,,108,80,74,46,22,1,81,20,71,58,39,22,0.66
k_league_1_2026,2026-04-25,10,Bucheon FC 1995,Gimcheon Sangmu FC,0,2,Bucheon FC 1995,home,42,10,4,4,4,6,2,0.97,1,0,1,345,272,78.8,57,28,49,7,2,29,14,7,50,50,66,34,52,40,19,48,13,13,77,14,2,0,1,26,6,14,32,1,35,3,0,,2,2,,1,,,,77,51,66,55,16,1,65,26,91,61,31,13,0.51
k_league_1_2026,2026-04-25,10,Bucheon FC 1995,Gimcheon Sangmu FC,0,2,Gimcheon Sangmu FC,away,58,15,4,6,12,3,5,1.36,3,2,1,464,380,81.9,42,18,43,25,5,20,16,9,56,50,66,32,48,40,21,53,10,10,50,14,5,2,7,21,6,14,13,7,44,6,2,,4,4,,1,,,,140,105,75,57,27,4,98,22,74,36,61,42,1.09
k_league_1_2026,2026-04-25,10,Gangwon FC,FC Seoul,1,2,Gangwon FC,home,48,17,4,6,9,8,7,,1,1,,339,253,74.6,60,26,43,24,5,21,14,8,57,45,85,38,45,32,15,47,19,19,63,23,5,3,7,23,7,11,12,6,37,4,0,0,0,0,,0,,,,143,88,62,65,29,3,60,26,55,30,47,44,1.25
k_league_1_2026,2026-04-25,10,Gangwon FC,FC Seoul,1,2,FC Seoul,away,52,7,2,3,7,0,2,,1,1,,382,306,80.1,53,24,45,9,2,22,25,16,64,55,85,47,55,32,17,53,10,10,90,11,0,0,3,14,8,23,42,8,39,10,0,1,3,3,,1,,,,52,35,67,28,17,4,56,24,74,56,26,20,0.81
k_league_1_2026,2026-04-22,9,Pohang Steelers,Gwangju FC,1,0,Pohang Steelers,home,59,7,2,3,3,4,2,0.75,2,,2,515,431,83.7,64,31,48,16,2,13,8,2,25,53,66,35,53,25,13,52,11,11,73,14,2,0,5,17,3,22,10,9,42,8,0,0,2,2,,,,,,118,80,68,54,15,3,,,,,,,0.75
k_league_1_2026,2026-04-22,9,Pohang Steelers,Gwangju FC,1,0,Gwangju FC,away,41,5,2,2,2,3,1,0.29,0,,0,362,286,79.0,61,27,44,6,2,33,8,3,38,47,66,31,47,25,12,48,14,14,50,22,1,2,2,13,6,14,29,9,44,6,0,1,1,1,,,,,,78,42,54,56,6,1,,,,,,,0.29
k_league_1_2026,2026-04-22,9,FC Anyang,Ulsan HD,1,1,FC Anyang,home,47,11,3,5,6,5,3,0.76,1,1,0,471,383,81.3,50,20,40,8,1,13,10,6,60,58,53,33,62,36,19,53,19,19,53,8,1,1,1,16,11,9,31,7,47,2,0,1,4,4,1,,,,,105,71,68,47,25,0,,,,,,,0.76
k_league_1_2026,2026-04-22,9,FC Anyang,Ulsan HD,1,1,Ulsan HD,away,53,19,5,8,14,5,6,1.49,2,1,1,505,441,87.3,33,15,45,31,11,35,13,6,46,42,53,20,38,36,17,47,6,6,50,9,2,1,4,22,6,8,15,7,46,12,0,1,2,2,0,,,,,167,134,80,75,29,2,,,,,,,1.49
k_league_1_2026,2026-04-22,9,Daejeon Hana Citizen,Jeju SK,0,1,Daejeon Hana Citizen,home,53,9,2,3,5,4,4,0.6,0,,0,499,429,86.0,38,20,53,22,3,14,16,10,63,57,71,40,56,24,14,58,16,16,50,9,0,2,4,20,8,14,18,5,34,12,0,,3,3,,0,,,,121,81,67,60,18,1,,,,,,,0.6
k_league_1_2026,2026-04-22,9,Daejeon Hana Citizen,Jeju SK,0,1,Jeju SK,away,47,11,4,4,5,6,3,1.12,1,,1,437,368,84.2,56,28,50,16,4,25,18,5,28,43,71,31,44,24,10,42,18,18,67,14,5,2,3,15,11,9,19,7,45,3,1,,2,2,,1,,,,115,83,72,47,20,4,,,,,,,1.12
k_league_1_2026,2026-04-21,9,Jeonbuk Hyundai Motors,Incheon United,1,2,Jeonbuk Hyundai Motors,home,51,17,4,7,14,3,6,2.56,5,1,4,466,397,85.2,46,14,30,26,11,42,4,2,50,48,51,27,53,39,16,41,13,13,62,14,0,3,7,17,5,12,15,6,43,5,1,0,3,3,1,,,0,,93,57,61,57,27,1,,,,,,,2.56
k_league_1_2026,2026-04-21,9,Jeonbuk Hyundai Motors,Incheon United,1,2,Incheon United,away,49,7,5,2,5,2,0,1.14,1,1,0,461,392,85.0,51,22,43,11,3,27,12,4,33,52,51,24,47,39,23,59,7,7,71,12,5,0,1,11,9,13,29,6,48,5,0,2,3,3,2,,,1,,122,87,71,75,11,4,,,,,,,1.14
k_league_1_2026,2026-04-21,9,Gimcheon Sangmu FC,Gangwon FC,0,3,Gimcheon Sangmu FC,home,62,16,5,7,6,10,4,1.15,1,0,1,516,401,77.7,71,30,42,13,1,8,19,7,37,52,84,45,54,46,22,48,20,20,65,8,3,1,4,32,7,18,23,13,61,16,0,,2,2,1,1,,1,0,138,79,57,74,25,2,,,,,,,1.15
k_league_1_2026,2026-04-21,9,Gimcheon Sangmu FC,Gangwon FC,0,3,Gangwon FC,away,38,11,5,3,5,6,3,1.55,3,3,0,316,194,61.4,80,30,38,10,4,40,13,5,38,48,84,39,46,46,24,52,28,28,61,18,4,1,1,26,10,7,30,8,67,12,1,,5,5,1,2,,0,1,95,41,43,60,14,2,,,,,,,1.55
k_league_1_2026,2026-04-21,9,FC Seoul,Bucheon FC 1995,3,0,FC Seoul,home,66,14,6,5,10,4,3,2.58,6,3,3,550,467,84.9,54,22,41,16,6,38,13,6,46,46,57,29,51,34,13,38,10,10,70,13,2,,1,27,11,13,27,9,34,5,0,0,3,3,,0,,0,1,90,66,73,41,18,4,,,,,,,2.58
k_league_1_2026,2026-04-21,9,FC Seoul,Bucheon FC 1995,3,0,Bucheon FC 1995,away,34,10,3,6,9,1,1,1.23,1,0,1,275,195,70.9,56,25,45,14,5,36,9,4,44,54,57,28,49,34,21,62,12,12,58,14,4,,4,20,5,13,20,20,39,5,0,1,3,3,,1,,1,1,70,37,53,49,20,1,,,,,,,1.23
k_league_1_2026,2026-04-19,8,Pohang Steelers,FC Anyang,0,1,Pohang Steelers,home,61,12,2,8,7,5,2,0.97,3,0,3,487,385,79.1,60,26,43,25,10,40,9,6,67,58,64,36,56,49,29,59,13,13,62,9,3,2,4,15,9,18,20,11,40,11,1,,1,1,,1,,,,161,96,60,89,31,2,,,,,,,0.97
k_league_1_2026,2026-04-19,8,Pohang Steelers,FC Anyang,0,1,FC Anyang,away,39,8,2,5,3,5,1,1.03,1,1,0,324,232,71.6,65,31,48,10,0,0,13,5,38,42,64,28,44,49,20,41,14,14,71,18,3,1,3,24,9,9,41,11,46,5,1,,3,3,,1,,,,82,49,60,56,18,2,,,,,,,1.03
k_league_1_2026,2026-04-19,8,Ulsan HD,Gwangju FC,5,1,Ulsan HD,home,48,17,7,9,17,0,1,3.96,8,4,4,421,366,86.9,42,18,43,18,10,56,10,4,40,64,53,31,58,24,18,75,11,11,55,7,2,1,3,8,7,14,26,8,41,4,0,,0,0,0,1,,0,1,81,56,69,38,31,3,,,,,,,3.96
k_league_1_2026,2026-04-19,8,Ulsan HD,Gwangju FC,5,1,Gwangju FC,away,52,8,1,2,5,3,5,0.61,0,0,0,461,393,85.2,53,25,47,14,4,29,10,5,50,36,53,22,42,24,6,25,10,10,70,16,3,0,2,12,10,7,17,4,33,6,0,,2,2,1,0,,1,1,129,99,77,50,20,2,,,,,,,0.61
k_league_1_2026,2026-04-18,8,Jeju SK,Gimcheon Sangmu FC,1,1,Jeju SK,home,36,7,4,1,5,2,2,0.82,1,,1,333,253,76.0,48,14,29,9,2,22,14,8,57,52,83,45,54,36,17,47,14,14,64,17,0,0,1,10,5,23,17,12,43,8,0,,2,2,,,,,,67,37,55,45,9,2,,,,,,,0.82
k_league_1_2026,2026-04-18,8,Jeju SK,Gimcheon Sangmu FC,1,1,Gimcheon Sangmu FC,away,64,6,3,1,3,3,2,0.43,0,,0,612,523,85.5,53,30,57,15,4,27,9,8,89,48,83,38,46,36,19,53,14,14,57,23,3,2,4,21,2,17,22,7,51,13,0,,3,3,,,,,,124,84,68,66,11,5,,,,,,,0.43
k_league_1_2026,2026-04-18,8,Bucheon FC 1995,Incheon United,2,2,Bucheon FC 1995,home,46,14,6,5,8,6,3,1.0,3,0,3,365,285,78.1,60,30,50,17,5,29,8,2,25,49,49,20,41,42,25,60,7,7,86,11,2,1,2,29,7,13,21,7,36,10,2,,1,1,0,1,,1,,124,75,60,81,17,2,,,,,,,1.0
k_league_1_2026,2026-04-18,8,Bucheon FC 1995,Incheon United,2,2,Incheon United,away,54,13,4,5,10,3,4,0.93,3,1,2,439,352,80.2,59,21,36,17,9,53,7,2,29,51,49,29,59,42,17,40,16,16,75,13,1,1,5,21,11,11,32,12,40,2,1,,4,4,1,0,,0,,66,35,53,33,20,2,,,,,,,0.93
k_league_1_2026,2026-04-18,8,Gangwon FC,Jeonbuk Hyundai Motors,1,1,Gangwon FC,home,41,11,7,1,6,5,3,0.97,1,1,0,301,233,77.4,46,14,30,19,2,11,6,4,67,47,64,31,48,36,16,44,15,15,53,19,4,2,5,15,6,13,25,14,42,10,0,1,6,6,0,1,,,2,111,76,68,44,20,3,,,,,,,0.97
k_league_1_2026,2026-04-18,8,Gangwon FC,Jeonbuk Hyundai Motors,1,1,Jeonbuk Hyundai Motors,away,59,18,7,5,15,3,6,3.67,5,1,4,450,377,83.8,66,36,55,18,2,11,9,2,22,53,64,33,52,36,20,56,12,12,83,13,3,1,5,18,8,19,27,5,39,8,0,1,6,6,1,0,,,0,96,57,59,62,33,1,,,,,,,3.67
k_league_1_2026,2026-04-18,8,FC Seoul,Daejeon Hana Citizen,0,1,FC Seoul,home,59,13,6,6,10,3,1,1.7,5,0,5,482,392,81.3,50,19,38,22,7,32,5,4,80,67,52,37,71,34,21,62,15,15,73,2,0,3,5,21,6,18,19,9,49,10,0,0,1,1,,2,,,,109,68,62,68,18,3,,,,,,,1.7
k_league_1_2026,2026-04-18,8,FC Seoul,Daejeon Hana Citizen,0,1,Daejeon Hana Citizen,away,41,9,2,3,6,3,4,1.26,2,1,1,339,251,74.0,68,28,41,14,2,14,8,2,25,33,52,15,29,34,13,38,11,11,64,18,4,1,6,14,9,2,18,11,54,9,0,1,6,6,,2,,,,80,48,60,42,17,0,,,,,,,1.26
k_league_1_2026,2026-04-15,2,Ulsan HD,FC Seoul,1,4,Ulsan HD,home,49,26,10,8,13,13,8,2.43,2,1,1,432,348,80.6,55,30,55,24,6,25,17,6,35,59,71,44,62,21,10,48,26,26,46,7,1,2,8,19,6,12,15,7,42,5,0,1,2,2,0,0,,,,160,105,66,84,33,4,,,,,,,2.43
k_league_1_2026,2026-04-15,2,Ulsan HD,FC Seoul,1,4,FC Seoul,away,51,14,5,5,13,1,4,2.93,1,1,0,451,381,84.5,60,28,47,13,4,31,17,4,24,41,71,27,38,21,11,52,16,16,38,12,5,0,4,9,8,7,38,9,49,13,0,0,7,7,2,1,,,,125,100,80,50,33,2,,,,,,,2.93
k_league_1_2026,2026-04-12,7,Gimcheon Sangmu FC,FC Anyang,1,1,Gimcheon Sangmu FC,home,70,19,6,6,11,8,7,1.78,2,0,2,545,476,87.3,33,15,45,32,10,31,8,5,63,54,49,25,51,40,23,57,14,14,50,10,3,0,12,11,4,6,28,3,37,9,0,1,2,2,1,2,,,2,187,154,82,70,31,2,,,,,,,1.78
k_league_1_2026,2026-04-12,7,Gimcheon Sangmu FC,FC Anyang,1,1,FC Anyang,away,30,14,3,5,9,5,6,1.15,2,1,1,230,155,67.4,35,11,31,13,3,23,7,2,29,46,49,24,49,40,17,43,12,12,67,6,2,2,5,17,6,10,29,8,33,9,0,0,5,5,2,2,,,1,68,36,53,32,23,2,,,,,,,1.15
k_league_1_2026,2026-04-12,7,Daejeon Hana Citizen,Gangwon FC,0,2,Daejeon Hana Citizen,home,54,6,2,2,3,3,2,0.7,0,,0,522,403,77.2,68,29,43,20,3,15,14,5,36,57,71,39,55,50,30,60,16,16,56,9,0,1,3,25,8,18,23,11,46,10,0,,3,3,,0,,,,108,54,50,67,9,3,,,,,,,0.7
k_league_1_2026,2026-04-12,7,Daejeon Hana Citizen,Gangwon FC,0,2,Gangwon FC,away,46,13,4,7,7,6,2,1.38,1,,1,443,339,76.5,68,31,46,18,2,11,12,5,42,43,71,32,45,50,20,40,19,19,84,18,3,4,2,14,2,9,32,20,58,9,0,,2,2,,1,,,,142,93,65,76,12,2,,,,,,,1.38
k_league_1_2026,2026-04-11,7,Incheon United,Ulsan HD,1,2,Incheon United,home,55,13,2,6,7,6,5,0.98,1,0,1,579,500,86.4,56,27,48,14,4,29,13,7,54,55,54,32,59,21,9,43,14,14,71,8,1,3,3,11,2,13,24,8,47,5,2,,5,5,2,1,,1,1,130,92,71,68,25,3,,,,,,,0.98
k_league_1_2026,2026-04-11,7,Incheon United,Ulsan HD,1,2,Ulsan HD,away,45,13,7,3,9,4,3,1.68,3,1,2,468,384,82.1,52,22,42,13,3,23,12,4,33,45,54,22,41,21,12,57,11,11,64,13,3,2,3,24,9,8,20,6,43,6,2,,1,1,1,0,,0,0,121,82,68,58,24,1,,,,,,,1.68
k_league_1_2026,2026-04-11,7,Gwangju FC,Bucheon FC 1995,0,1,Gwangju FC,home,50,12,3,5,7,5,4,0.84,0,0,0,487,415,85.2,42,11,26,22,9,41,10,6,60,58,42,22,52,32,21,66,12,12,42,10,2,,3,22,5,4,28,4,40,4,1,,1,1,0,0,,,2,101,62,61,57,17,0,,,,,,,0.84
k_league_1_2026,2026-04-11,7,Gwangju FC,Bucheon FC 1995,0,1,Bucheon FC 1995,away,50,8,2,4,5,3,2,0.66,2,1,1,505,436,86.3,65,26,40,10,1,10,8,2,25,42,42,20,48,32,11,34,8,8,38,4,1,,1,25,10,10,34,3,35,6,0,,3,3,1,1,,,1,73,38,52,56,11,2,,,,,,,0.66
k_league_1_2026,2026-04-11,7,Pohang Steelers,Jeju SK,0,2,Pohang Steelers,home,74,17,4,6,12,5,7,2.05,2,0,2,654,596,91.1,36,25,69,26,6,23,8,1,13,53,57,29,51,18,11,61,14,14,50,12,2,1,3,31,4,15,12,5,29,7,1,0,0,0,0,0,,,,139,105,76,66,23,1,,,,,,,2.05
k_league_1_2026,2026-04-11,7,Pohang Steelers,Jeju SK,0,2,Jeju SK,away,26,5,2,1,4,1,2,0.53,1,1,0,231,176,76.2,51,22,43,4,1,25,9,3,33,47,57,28,49,18,7,39,14,14,71,15,2,4,1,15,10,12,35,8,40,8,0,1,3,3,1,3,,,,46,25,54,30,10,1,,,,,,,0.53
k_league_1_2026,2026-04-11,7,FC Seoul,Jeonbuk Hyundai Motors,1,0,FC Seoul,home,54,8,2,1,5,3,5,1.09,2,1,1,435,365,83.9,52,23,44,10,3,30,9,4,44,51,59,28,47,29,17,59,9,9,78,12,0,1,1,10,8,15,21,7,33,9,0,,3,3,,1,,,,83,54,65,45,12,2,,,,,,,1.09
k_league_1_2026,2026-04-11,7,FC Seoul,Jeonbuk Hyundai Motors,1,0,Jeonbuk Hyundai Motors,away,46,9,2,4,7,2,3,0.77,0,0,0,369,303,82.1,46,24,52,16,3,19,11,5,45,49,59,31,53,29,12,41,14,14,64,15,1,3,1,19,8,12,16,3,37,3,1,,1,1,,0,,,,98,66,67,48,23,6,,,,,,,0.77
k_league_1_2026,2026-04-05,6,Incheon United,Gimcheon Sangmu FC,2,1,Incheon United,home,42,16,4,8,13,3,4,2.36,5,2,3,367,288,78.5,50,17,34,18,7,39,17,10,59,58,74,47,64,28,12,43,19,19,53,8,1,3,4,13,8,18,25,9,50,5,1,1,1,1,,1,,,1,70,43,61,38,26,6,,,,,,,2.36
k_league_1_2026,2026-04-05,6,Incheon United,Gimcheon Sangmu FC,2,1,Gimcheon Sangmu FC,away,58,8,2,5,7,1,1,0.82,1,1,0,508,419,82.5,63,34,54,19,6,32,18,7,39,42,74,27,36,28,16,57,12,12,83,19,3,1,6,18,8,8,16,6,36,8,0,1,2,2,,1,,,0,124,80,65,75,30,3,,,,,,,0.82
k_league_1_2026,2026-04-05,6,FC Anyang,FC Seoul,1,1,FC Anyang,home,43,8,2,5,5,3,1,1.18,1,1,,296,227,76.7,47,15,32,16,2,13,10,3,30,49,66,31,47,37,19,51,10,10,30,15,3,2,4,17,9,19,35,8,37,11,1,,1,1,1,1,,,,96,59,61,50,24,5,,,,,,,1.18
k_league_1_2026,2026-04-05,6,FC Anyang,FC Seoul,1,1,FC Seoul,away,57,9,2,4,5,4,3,0.68,0,0,,394,316,80.2,58,23,40,25,3,12,8,2,25,51,66,35,53,37,18,49,18,18,33,19,3,0,9,18,5,15,32,7,36,4,0,,1,1,1,0,,,,100,66,66,53,18,2,,,,,,,0.68
k_league_1_2026,2026-04-04,6,Pohang Steelers,Daejeon Hana Citizen,1,0,Pohang Steelers,home,61,14,6,4,12,2,4,2.64,5,1,4,483,428,88.6,41,25,61,19,6,32,19,11,58,52,74,38,51,38,20,53,13,13,54,15,1,2,8,22,3,13,22,3,40,8,0,,3,3,,0,,,1,119,86,72,60,32,6,,,,,,,2.64
k_league_1_2026,2026-04-04,6,Pohang Steelers,Daejeon Hana Citizen,1,0,Daejeon Hana Citizen,away,39,9,3,3,6,3,3,0.78,1,0,1,313,247,78.9,50,21,42,14,5,36,13,7,54,48,74,36,49,38,18,47,16,16,88,14,1,0,5,16,7,15,28,4,36,7,0,,4,4,,1,,,1,85,55,65,40,13,4,,,,,,,0.78
k_league_1_2026,2026-04-04,6,Gangwon FC,Gwangju FC,3,0,Gangwon FC,home,44,19,6,7,9,10,6,1.75,2,1,1,350,254,72.6,61,27,44,23,9,39,5,2,40,46,73,33,45,35,17,49,16,16,69,23,3,2,8,22,0,16,9,21,41,8,0,,0,0,,0,,0,,148,87,59,81,27,4,,,,,,,1.75
k_league_1_2026,2026-04-04,6,Gangwon FC,Gwangju FC,3,0,Gwangju FC,away,56,1,0,0,0,1,1,0.01,0,0,0,467,374,80.1,70,38,54,5,0,0,17,7,41,54,73,40,55,35,18,51,11,11,73,16,3,0,2,24,16,23,27,15,30,6,0,,3,3,,1,,1,,47,24,51,38,2,0,,,,,,,0.01
k_league_1_2026,2026-04-04,6,Jeonbuk Hyundai Motors,Ulsan HD,2,0,Jeonbuk Hyundai Motors,home,54,11,4,5,8,3,2,1.33,2,2,0,476,401,84.2,49,24,49,14,5,36,17,9,53,54,64,36,56,21,10,48,17,17,82,12,2,1,3,14,12,10,24,10,40,6,0,,3,3,1,0,,,0,115,76,66,54,25,2,,,,,,,1.33
k_league_1_2026,2026-04-04,6,Jeonbuk Hyundai Motors,Ulsan HD,2,0,Ulsan HD,away,46,14,3,8,8,6,3,1.38,1,0,1,399,332,83.2,39,11,28,21,7,33,6,2,33,46,64,28,44,21,11,52,14,14,50,10,3,0,5,18,12,12,19,9,34,13,0,,1,1,1,1,,,1,115,85,74,59,26,2,,,,,,,1.38
k_league_1_2026,2026-04-04,6,Jeju SK,Bucheon FC 1995,1,0,Jeju SK,home,45,10,5,1,5,5,4,1.45,1,1,,376,287,76.3,65,26,40,6,3,50,11,4,36,45,58,29,50,30,11,37,14,14,86,12,2,2,1,28,4,12,20,12,47,8,1,,1,1,0,,,,0,73,44,60,46,11,2,,,,,,,1.45
k_league_1_2026,2026-04-04,6,Jeju SK,Bucheon FC 1995,1,0,Bucheon FC 1995,away,55,4,1,1,1,3,2,0.18,0,0,,447,367,82.1,58,29,50,19,5,26,10,2,20,55,58,29,50,30,19,63,15,15,33,12,1,3,7,30,3,12,25,15,42,6,0,,4,4,1,,,,1,98,67,68,62,16,1,,,,,,,0.18
k_league_1_2026,2026-03-28,2,Pohang Steelers,Gangwon FC,1,0,Pohang Steelers,home,56,14,6,3,11,3,5,2.21,3,1,2,415,332,80.0,45,20,44,20,5,25,16,8,50,49,63,32,51,31,14,45,7,7,71,8,1,2,8,19,8,17,19,9,46,11,0,,1,1,0,3,,0,,110,73,66,47,25,2,,,,,,,2.21
k_league_1_2026,2026-03-28,2,Pohang Steelers,Gangwon FC,1,0,Gangwon FC,away,44,6,1,3,4,2,2,0.32,1,0,1,330,244,73.9,56,24,43,19,4,21,10,4,40,51,63,31,49,31,17,55,19,19,47,17,2,5,7,23,5,8,39,9,48,1,0,,5,5,1,0,,1,,131,86,66,54,16,3,,,,,,,0.32
k_league_1_2026,2026-03-22,5,Pohang Steelers,Bucheon FC 1995,0,0,Pohang Steelers,home,50,11,0,5,9,2,6,0.79,0,,0,357,272,76.2,70,33,47,17,1,6,9,2,22,47,45,19,42,45,23,51,8,8,50,11,2,2,7,16,12,9,23,4,38,4,0,1,2,2,,2,,,,72,34,47,49,25,1,,,,,,,0.79
k_league_1_2026,2026-03-22,5,Pohang Steelers,Bucheon FC 1995,0,0,Bucheon FC 1995,away,50,13,2,9,11,2,2,1.04,2,,2,353,288,81.6,64,32,50,24,7,29,7,4,57,53,45,26,58,45,22,49,11,11,82,9,1,2,4,14,4,11,28,5,41,5,0,0,0,0,,0,,,,99,74,75,70,17,1,,,,,,,1.04
k_league_1_2026,2026-03-22,5,Gangwon FC,Jeju SK,1,1,Gangwon FC,home,73,16,5,8,10,6,3,2.04,3,,3,597,514,86.1,68,43,63,41,11,27,12,7,58,55,62,35,56,46,24,52,12,12,58,6,2,3,11,36,3,16,17,8,42,12,1,1,1,1,0,0,,1,,234,176,75,104,34,7,,,,,,,2.04
k_league_1_2026,2026-03-22,5,Gangwon FC,Jeju SK,1,1,Jeju SK,away,27,6,2,1,4,2,3,0.27,0,,0,227,145,63.9,53,17,32,11,3,27,10,4,40,45,62,27,44,46,22,48,17,17,65,17,1,0,3,13,15,6,57,9,36,6,0,0,4,4,3,2,,0,,49,21,43,32,12,0,,,,,,,0.27
k_league_1_2026,2026-03-22,5,FC Anyang,Incheon United,0,1,FC Anyang,home,30,6,2,4,3,3,0,0.34,1,0,1,262,194,74.0,51,19,37,10,3,30,13,6,46,47,65,31,48,28,13,46,21,21,33,15,4,2,2,21,6,6,29,8,44,8,0,0,2,2,1,2,,1,0,95,60,63,46,13,2,,,,,,,0.34
k_league_1_2026,2026-03-22,5,FC Anyang,Incheon United,0,1,Incheon United,away,70,12,3,5,10,2,4,1.6,2,1,1,623,552,88.6,34,19,56,20,3,15,19,4,21,53,65,34,52,28,15,54,15,15,60,6,2,1,7,19,5,15,18,5,39,6,1,1,1,1,1,0,,0,1,124,102,82,50,25,5,,,,,,,1.6
k_league_1_2026,2026-03-22,5,Ulsan HD,Gimcheon Sangmu FC,0,0,Ulsan HD,home,37,19,4,10,13,6,5,1.58,3,,3,354,285,80.5,47,20,43,18,5,28,23,10,43,52,79,38,48,27,17,63,7,7,71,11,0,2,4,15,5,21,17,12,47,9,1,1,1,1,,0,,,0,117,84,72,56,29,4,,,,,,,1.58
k_league_1_2026,2026-03-22,5,Ulsan HD,Gimcheon Sangmu FC,0,0,Gimcheon Sangmu FC,away,63,10,1,5,7,3,4,0.76,0,,0,612,534,87.3,59,29,49,13,5,38,14,9,64,48,79,41,52,27,10,37,22,22,55,21,4,0,2,10,11,11,24,6,47,2,0,0,4,4,,1,,,1,123,94,76,61,21,1,,,,,,,0.76
k_league_1_2026,2026-03-22,5,FC Seoul,Gwangju FC,5,0,FC Seoul,home,52,12,6,4,9,3,2,1.8,5,5,0,433,340,78.5,54,24,44,17,4,24,17,7,41,55,65,36,55,24,13,54,17,17,59,13,1,0,2,27,4,13,11,13,48,3,1,,1,1,,,,0,0,92,66,72,43,21,2,,,,,,,1.8
k_league_1_2026,2026-03-22,5,FC Seoul,Gwangju FC,5,0,Gwangju FC,away,48,8,1,3,3,5,4,0.56,1,0,1,399,328,82.2,34,13,38,14,1,7,16,5,31,45,65,29,45,24,11,46,12,12,75,13,3,1,3,14,5,13,23,12,43,6,0,,1,1,,,,2,2,78,53,68,39,11,0,,,,,,,0.56
k_league_1_2026,2026-03-21,5,Daejeon Hana Citizen,Jeonbuk Hyundai Motors,0,1,Daejeon Hana Citizen,home,63,9,3,4,7,2,2,0.48,0,0,0,576,492,85.4,45,20,44,23,10,43,15,6,40,59,69,39,57,35,22,63,20,20,80,12,2,1,2,20,8,13,21,6,46,6,1,0,6,6,2,0,,,1,129,88,68,63,22,2,,,,,,,0.48
k_league_1_2026,2026-03-21,5,Daejeon Hana Citizen,Jeonbuk Hyundai Motors,0,1,Jeonbuk Hyundai Motors,away,37,12,7,4,9,3,1,1.21,3,1,2,334,254,76.0,67,36,54,18,4,22,13,4,31,41,69,30,43,35,13,37,15,15,73,13,3,0,6,16,9,12,26,8,55,11,0,1,3,3,1,1,,,0,111,76,68,52,22,1,,,,,,,1.21
k_league_1_2026,2026-03-18,4,Pohang Steelers,FC Seoul,0,1,Pohang Steelers,home,34,14,4,3,11,3,7,1.63,3,0,3,266,194,72.9,54,18,33,8,4,50,13,6,46,49,76,39,51,32,14,44,24,24,58,18,6,1,4,16,7,9,25,8,35,7,0,0,3,3,0,1,,1,,67,32,48,41,29,1,,,,,,,1.63
k_league_1_2026,2026-03-18,4,Pohang Steelers,FC Seoul,0,1,FC Seoul,away,66,9,4,3,7,2,2,0.82,3,1,2,511,434,84.9,55,30,55,15,4,27,20,5,25,51,76,37,49,32,18,56,14,14,93,9,0,1,6,27,4,18,22,5,36,9,1,1,4,4,2,0,,0,,151,110,73,69,23,2,,,,,,,0.82
k_league_1_2026,2026-03-18,4,Jeonbuk Hyundai Motors,FC Anyang,2,1,Jeonbuk Hyundai Motors,home,66,15,4,3,10,5,8,2.36,1,1,,595,510,85.7,60,31,52,24,3,13,20,12,60,44,71,36,51,31,9,29,14,14,64,9,3,1,6,24,7,10,19,13,42,7,2,1,2,2,0,,,,,146,109,75,71,35,3,,,,,,,2.36
k_league_1_2026,2026-03-18,4,Jeonbuk Hyundai Motors,FC Anyang,2,1,FC Anyang,away,34,11,3,6,8,3,2,0.75,0,0,,303,227,74.9,45,17,38,14,3,21,16,11,69,55,72,35,49,31,22,71,15,15,93,10,2,1,3,13,6,9,38,9,50,9,0,0,3,3,1,,,,,84,55,65,37,22,0,,,,,,,0.75
k_league_1_2026,2026-03-18,4,Jeju SK,Ulsan HD,0,2,Jeju SK,home,42,16,7,3,10,6,6,1.46,2,0,2,365,295,80.8,57,35,61,25,8,32,14,4,29,53,57,28,49,31,19,61,11,11,64,12,2,0,4,18,7,13,21,10,51,7,0,0,2,2,1,1,,,,110,74,67,55,32,1,,,,,,,1.46
k_league_1_2026,2026-03-18,4,Jeju SK,Ulsan HD,0,2,Ulsan HD,away,58,11,4,4,9,2,3,1.28,2,1,1,529,446,84.3,69,37,54,18,4,22,7,2,29,47,57,29,51,31,12,39,17,17,65,13,2,2,8,14,6,12,24,9,50,6,0,1,7,7,3,1,,,,123,85,69,62,28,2,,,,,,,1.28
k_league_1_2026,2026-03-18,4,Incheon United,Daejeon Hana Citizen,1,3,Incheon United,home,49,11,6,1,9,2,4,1.5,2,0,2,454,375,82.6,60,37,62,30,6,20,16,6,38,50,57,28,49,29,15,52,6,6,67,8,3,1,7,18,4,16,9,9,48,7,0,0,2,2,0,1,,,,102,70,69,43,26,2,,,,,,,1.5
k_league_1_2026,2026-03-18,4,Incheon United,Daejeon Hana Citizen,1,3,Daejeon Hana Citizen,away,51,9,5,4,6,3,0,1.01,3,1,2,488,421,86.3,46,25,54,11,2,18,6,4,67,50,57,29,51,29,14,48,17,17,71,16,3,2,2,10,2,8,42,10,59,4,0,1,4,4,1,1,,,,72,45,63,42,11,0,,,,,,,1.01
k_league_1_2026,2026-03-18,4,Bucheon FC 1995,Gangwon FC,0,0,Bucheon FC 1995,home,43,9,5,3,5,4,1,0.71,2,,2,374,252,67.4,74,24,32,8,3,38,21,5,24,48,69,30,43,54,29,54,9,9,56,14,1,1,2,29,10,18,24,14,45,8,0,1,2,2,1,,,,,90,45,50,62,14,1,,,,,,,0.71
k_league_1_2026,2026-03-18,4,Bucheon FC 1995,Gangwon FC,0,0,Gangwon FC,away,57,10,2,7,2,8,1,0.42,0,,0,505,389,77.0,68,15,22,13,1,8,9,2,22,52,69,39,57,54,25,46,24,24,58,18,3,3,3,24,2,14,30,9,54,2,0,0,5,5,0,,,,,120,70,58,73,8,3,,,,,,,0.42
k_league_1_2026,2026-03-17,4,Gimcheon Sangmu FC,Gwangju FC,1,1,Gimcheon Sangmu FC,home,49,17,6,5,13,4,6,1.88,2,0,2,419,335,80.0,59,31,53,19,5,26,16,8,50,52,72,35,49,49,28,57,8,8,100,16,4,0,8,23,5,19,26,7,30,9,0,1,5,5,1,1,,,1,94,54,57,58,27,1,,,,,,,1.88
k_league_1_2026,2026-03-17,4,Gimcheon Sangmu FC,Gwangju FC,1,1,Gwangju FC,away,51,17,6,6,11,6,5,1.93,3,1,2,420,356,84.8,41,25,61,26,10,38,12,5,42,48,72,37,51,49,21,43,17,17,59,19,4,1,4,15,7,15,33,5,38,1,1,0,5,5,0,2,,,1,107,79,74,68,26,3,,,,,,,1.93
k_league_1_2026,2026-03-15,3,Pohang Steelers,Incheon United,1,1,Pohang Steelers,home,53,8,4,1,4,4,3,0.92,2,1,1,475,413,86.9,56,27,48,14,3,21,6,3,50,49,49,25,51,29,13,45,13,13,62,14,2,6,3,20,6,9,33,6,34,6,0,1,3,3,0,,,1,1,85,50,59,54,17,2,,,,,,,0.92
k_league_1_2026,2026-03-15,3,Pohang Steelers,Incheon United,1,1,Incheon United,away,47,10,4,6,7,3,0,0.98,3,1,2,416,347,83.4,43,20,47,15,3,20,11,3,27,51,49,24,49,29,16,55,9,9,67,9,2,2,3,13,3,14,20,4,37,5,1,0,3,3,1,,,0,2,82,56,68,50,21,1,,,,,,,0.98
k_league_1_2026,2026-03-15,3,Gangwon FC,FC Anyang,1,1,Gangwon FC,home,61,14,3,8,8,6,3,0.8,1,0,1,444,363,81.8,48,27,56,42,9,21,10,8,80,51,45,25,56,44,20,45,10,10,80,9,1,1,14,13,5,7,16,9,51,4,0,,3,3,0,0,,1,,146,104,71,74,29,6,,,,,,,0.8
k_league_1_2026,2026-03-15,3,Gangwon FC,FC Anyang,1,1,FC Anyang,away,39,7,3,2,6,1,2,1.17,5,1,4,303,212,70.0,54,17,31,10,1,10,9,5,56,49,45,20,44,44,24,55,6,6,33,7,0,2,4,14,15,9,42,10,37,6,0,,2,2,1,1,,0,,70,34,49,38,13,0,,,,,,,1.17
k_league_1_2026,2026-03-15,3,Jeju SK,FC Seoul,1,2,Jeju SK,home,38,10,2,7,7,3,1,0.51,1,1,0,282,198,70.2,58,27,47,12,2,17,14,6,43,55,71,33,46,50,34,68,14,14,57,19,1,1,2,18,8,13,40,3,34,5,0,,3,3,1,0,,,,92,58,63,65,12,1,,,,,,,0.51
k_league_1_2026,2026-03-15,3,Jeju SK,FC Seoul,1,2,FC Seoul,away,62,19,5,6,15,4,8,2.55,6,2,4,459,366,79.7,63,28,44,21,8,38,15,8,53,45,71,38,54,50,16,32,13,13,46,13,5,0,8,22,7,19,20,7,38,7,1,,1,1,0,2,,,,118,69,58,66,34,1,,,,,,,2.55
k_league_1_2026,2026-03-15,3,Bucheon FC 1995,Ulsan HD,1,2,Bucheon FC 1995,home,46,11,2,6,5,6,3,0.82,0,0,0,384,301,78.4,74,36,49,17,5,29,11,2,18,48,68,32,47,29,15,52,17,17,65,15,2,2,5,18,8,13,21,8,47,7,0,1,5,5,1,0,,,,121,76,63,76,16,1,,,,,,,0.82
k_league_1_2026,2026-03-15,3,Bucheon FC 1995,Ulsan HD,1,2,Ulsan HD,away,54,18,7,9,11,7,2,2.63,3,2,1,456,368,80.7,57,25,44,14,6,43,15,7,47,52,68,36,53,29,14,48,16,16,81,13,1,0,4,13,10,14,35,6,45,9,0,0,1,1,0,1,,,,121,75,62,59,24,3,,,,,,,2.63
k_league_1_2026,2026-03-14,3,Daejeon Hana Citizen,Gimcheon Sangmu FC,1,1,Daejeon Hana Citizen,home,56,15,4,6,11,4,5,1.67,2,1,1,517,419,81.0,49,25,51,24,5,21,17,8,47,55,61,33,54,53,30,57,11,11,64,10,1,2,6,19,5,14,18,9,52,5,0,,2,2,1,1,,,2,131,90,69,61,35,1,,,,,,,1.67
k_league_1_2026,2026-03-14,3,Daejeon Hana Citizen,Gimcheon Sangmu FC,1,1,Gimcheon Sangmu FC,away,44,10,3,3,7,3,4,0.89,2,1,1,418,323,77.3,54,18,33,11,1,9,9,4,44,45,61,28,46,53,23,43,14,14,50,14,2,2,5,24,9,10,41,10,45,6,0,,2,2,0,0,,,1,80,46,57,44,15,0,,,,,,,0.89
k_league_1_2026,2026-03-14,3,Gwangju FC,Jeonbuk Hyundai Motors,0,0,Gwangju FC,home,42,6,2,3,2,4,1,0.4,0,,0,376,303,80.6,43,12,28,10,2,20,9,1,11,40,56,23,41,31,12,39,9,9,78,20,3,2,2,15,13,14,27,5,39,1,0,,5,5,2,2,,,3,76,43,57,55,8,1,,,,,,,0.4
k_league_1_2026,2026-03-14,3,Gwangju FC,Jeonbuk Hyundai Motors,0,0,Jeonbuk Hyundai Motors,away,58,17,5,9,13,4,3,1.68,4,,4,511,433,84.7,59,36,61,29,9,31,9,4,44,60,56,33,59,31,19,61,9,9,67,14,3,0,6,12,5,20,9,6,47,4,1,,2,2,1,0,,,0,137,107,78,46,39,1,,,,,,,1.68
k_league_1_2026,2026-03-08,2,FC Anyang,Jeju SK,2,1,FC Anyang,home,49,12,6,2,11,1,4,2.06,2,1,1,436,343,78.7,43,17,40,20,5,25,17,7,41,51,74,34,46,35,22,63,13,13,69,11,4,6,5,20,2,13,24,12,56,6,1,,1,1,1,3,,,,118,76,64,52,28,2,,,,,,,2.06
k_league_1_2026,2026-03-08,2,FC Anyang,Jeju SK,2,1,Jeju SK,away,51,6,2,4,5,1,0,1.06,1,1,0,460,360,78.3,59,21,36,13,1,8,20,13,65,49,74,40,54,35,13,37,16,16,56,14,1,4,4,19,4,10,34,15,53,6,0,,3,3,0,2,,,,109,77,71,51,16,3,,,,,,,1.06
k_league_1_2026,2026-03-08,2,Gimcheon Sangmu FC,Jeonbuk Hyundai Motors,1,1,Gimcheon Sangmu FC,home,51,8,3,3,7,1,2,1.11,3,1,2,549,474,86.3,56,28,50,13,4,31,13,5,38,35,59,26,44,34,7,21,9,9,78,10,1,0,2,10,5,12,18,9,47,12,0,1,2,2,,1,,,,108,81,75,56,17,,,,,,,,1.11
k_league_1_2026,2026-03-08,2,Gimcheon Sangmu FC,Jeonbuk Hyundai Motors,1,1,Jeonbuk Hyundai Motors,away,49,5,3,2,3,2,0,0.55,2,1,1,529,450,85.1,39,20,51,10,1,10,5,3,60,65,59,33,56,34,27,79,20,20,40,12,2,1,2,13,5,10,13,10,52,7,0,0,2,2,,1,,,,121,79,65,59,18,,,,,,,,0.55
k_league_1_2026,2026-03-07,2,Gwangju FC,Incheon United,3,2,Gwangju FC,home,37,6,5,0,5,1,1,1.23,2,2,0,363,300,82.6,54,23,43,10,2,20,20,7,35,52,70,39,56,19,7,37,17,17,76,14,1,3,1,16,7,15,38,5,43,1,0,,4,4,1,,,,,65,44,68,38,9,1,,,,,,,1.23
k_league_1_2026,2026-03-07,2,Gwangju FC,Incheon United,3,2,Incheon United,away,63,20,6,9,14,6,5,2.17,1,0,1,605,538,88.9,37,19,51,31,9,29,11,4,36,48,70,31,44,19,12,63,14,14,71,16,4,3,3,31,0,13,14,3,40,10,2,,2,2,0,,,,,148,118,80,66,35,2,,,,,,,2.17
k_league_1_2026,2026-03-07,2,Bucheon FC 1995,Daejeon Hana Citizen,1,1,Bucheon FC 1995,home,31,10,2,7,5,5,1,1.47,1,1,,305,215,70.5,66,25,38,11,2,18,9,6,67,46,45,25,56,39,14,36,12,12,83,8,,1,3,16,8,6,49,12,48,3,0,,1,1,,1,,,,60,36,60,45,10,3,,,,,,,1.47
k_league_1_2026,2026-03-07,2,Bucheon FC 1995,Daejeon Hana Citizen,1,1,Daejeon Hana Citizen,away,69,13,2,5,5,8,6,0.92,1,1,,691,593,85.8,57,30,53,28,4,14,12,6,50,54,45,20,44,39,25,64,6,6,67,7,,1,5,16,8,8,16,8,42,6,0,,1,1,,0,,,,173,126,73,76,27,3,,,,,,,0.92
k_league_1_2026,2026-03-02,1,Daejeon Hana Citizen,FC Anyang,1,1,Daejeon Hana Citizen,home,60,16,6,4,9,7,6,1.67,2,1,1,515,438,85.0,49,29,59,24,6,25,16,7,44,58,69,41,59,34,19,56,19,19,68,12,5,1,6,19,3,15,29,13,43,5,0,1,6,6,1,,,,,128,98,77,61,37,1,,,,,,,1.67
k_league_1_2026,2026-03-02,1,Daejeon Hana Citizen,FC Anyang,1,1,FC Anyang,away,40,8,7,0,5,3,1,1.19,3,1,2,347,256,73.8,47,16,34,15,5,33,12,4,33,42,69,28,41,34,15,44,14,14,50,16,4,2,3,20,9,11,33,10,43,11,0,1,5,5,2,,,,,107,74,69,43,18,1,,,,,,,1.19
k_league_1_2026,2026-03-01,1,Jeju SK,Gwangju FC,0,0,Jeju SK,home,34,6,2,4,2,4,0,0.3,2,,2,289,228,78.9,49,26,53,13,1,8,5,2,40,49,52,26,50,21,10,48,12,12,50,11,2,3,3,18,12,14,21,11,25,8,0,,2,2,0,,,,0,79,55,70,42,10,1,,,,,,,0.3
k_league_1_2026,2026-03-01,1,Jeju SK,Gwangju FC,0,0,Gwangju FC,away,66,10,2,6,7,3,2,0.82,0,,0,578,524,90.7,72,53,74,23,7,30,8,4,50,51,52,26,50,21,11,52,11,11,64,14,4,1,3,19,6,11,16,6,35,8,1,,2,2,1,,,,1,141,114,81,84,13,1,,,,,,,0.82
k_league_1_2026,2026-03-01,1,Jeonbuk Hyundai Motors,Bucheon FC 1995,2,3,Jeonbuk Hyundai Motors,home,67,12,4,5,10,2,3,1.51,1,1,,565,488,86.4,52,23,44,29,6,21,11,7,64,59,74,46,62,40,21,53,29,29,66,12,1,3,4,11,8,11,22,4,43,5,0,0,0,0,0,0,,2,1,114,82,72,56,28,1,,,,,,,1.51
k_league_1_2026,2026-03-01,1,Jeonbuk Hyundai Motors,Bucheon FC 1995,2,3,Bucheon FC 1995,away,33,7,3,4,3,4,0,1.15,2,2,,282,217,77.0,52,16,31,9,1,0,23,7,30,41,74,28,38,40,19,48,9,9,33,11,3,1,2,19,6,11,35,8,46,13,0,2,2,2,1,1,,1,0,85,51,60,57,16,1,,,,,,,1.15
k_league_1_2026,2026-02-28,1,Gimcheon Sangmu FC,Pohang Steelers,1,1,Gimcheon Sangmu FC,home,52,13,4,3,7,6,6,1.39,2,1,1,498,417,83.7,52,26,50,24,5,21,14,8,57,50,72,36,50,33,16,48,17,17,53,13,1,3,2,18,6,11,25,6,48,11,1,1,0,0,,0,,,,128,92,72,65,24,2,,,,,,,1.39
k_league_1_2026,2026-02-28,1,Gimcheon Sangmu FC,Pohang Steelers,1,1,Pohang Steelers,away,48,9,1,4,6,3,4,1.1,3,1,2,460,384,83.5,47,20,43,12,2,17,12,7,58,50,72,36,50,33,17,52,17,17,47,11,3,0,4,18,4,13,19,11,40,12,1,0,3,3,,2,,,,87,51,59,48,23,3,,,,,,,1.1
k_league_1_2026,2026-02-28,1,Ulsan HD,Gangwon FC,3,1,Ulsan HD,home,34,11,5,3,6,5,3,1.19,2,2,0,297,202,68.0,55,15,27,7,2,29,15,8,53,50,81,41,51,35,17,49,17,17,59,13,2,,2,19,9,17,27,9,62,13,0,0,3,3,,0,,,,63,32,51,40,23,2,,,,,,,1.19
k_league_1_2026,2026-02-28,1,Ulsan HD,Gangwon FC,3,1,Gangwon FC,away,66,13,4,8,5,8,1,1.17,1,0,1,579,481,83.1,43,17,40,21,5,24,16,7,44,50,81,40,49,35,18,51,20,20,70,17,3,,2,17,2,13,17,8,68,8,1,1,2,2,,1,,,,194,147,76,71,23,2,,,,,,,1.17
k_league_1_2026,2026-02-28,1,Incheon United,FC Seoul,1,2,Incheon United,home,55,8,2,6,5,3,0,1.23,2,1,1,401,327,81.5,46,24,52,32,4,13,21,12,57,53,96,51,53,22,11,50,22,22,59,14,0,1,6,21,4,16,14,4,45,13,0,,5,5,,2,,,2,97,68,70,57,14,5,,,,,,,1.23
k_league_1_2026,2026-02-28,1,Incheon United,FC Seoul,1,2,FC Seoul,away,45,12,7,2,6,6,3,0.95,3,1,2,341,276,80.9,52,18,35,13,3,23,16,9,56,47,96,45,47,22,11,50,22,22,68,17,5,0,3,12,9,14,36,4,39,15,0,,1,1,,1,,,0,79,50,63,46,16,0,,,,,,,0.95
